00000000 000 00C01100 00000000 00000100 00000000 00000000 00000000 00000000 00000000 00000000 00000000 00000000 00000000 00000000 00000000 00000000 00000000 00000000
00000001 001 00800000 00000000 00000000 00000000 00000000 00000000 00000000 00000000 00000000 00000000 00000000 00000000 00000000 00000100 00000000 00000000 00000000
00000002 002 01B1800F 00000000 0000000F 00000000 00000000 00000000 00000000 00000000 00000000 00000000 00000000 00000000 00000000 00000100 00000000 00000000 00000000
00000003 003 0A1B0010 00000000 00000010 00000000 00000000 00000000 00000000 00000000 00000000 00000000 00000000 00000000 0000000F 00000100 00000000 00000000 00000000
00000004 004 00900000 00000000 00000000 00000000 00000000 00000000 00000000 00000000 00000000 00000000 00000000 00000000 0000000F 00000100 00000000 00000000 00000000
00000005 005 0F19B00E 00000000 0000000E 00000000 00000000 00000000 00000000 00000000 00000000 00000000 00000000 00000000 0000000F 00000100 00000000 00000000 00000000
00000006 006 11AC9000 00000000 00000000 00000000 00000000 00000000 00000000 00000000 00000000 00000000 00000000 00000000 0000000F 00000100 00000000 00000000 00000000
00000007 007 004C9000 00000000 00000000 00000000 00000000 00000000 00000000 00000000 00000000 00000000 00000000 0000000D 0000000F 00000100 00000000 00000000 00000000
00000008 008 11541001 00000000 00000001 00000000 00000000 00000100 00000000 00000000 00000000 00000000 00000000 0000000D 0000000F 00000100 00000000 00000000 00000000
00000009 009 0F1A500C 00000000 0000000C 00000000 00000000 00000100 00000002 00000000 00000000 00000000 00000000 0000000D 0000000F 00000100 00000000 00000000 00000000
0000000A 00C 00991001 00000000 00000001 00000000 00000000 00000100 00000002 00000000 00000000 00000000 00000000 0000000D 0000000F 00000100 00000000 00000000 00000000
0000000B 00D 0A100005 00000000 00000005 00000000 00000000 00000100 00000002 00000000 00000000 00000000 00000001 0000000D 0000000F 00000100 00000000 00000000 00000000
0000000C 005 0F19B00E 00000000 0000000E 00000000 00000000 00000100 00000002 00000000 00000000 00000000 00000001 0000000D 0000000F 00000100 00000000 00000000 00000000
0000000D 006 11AC9000 00000000 00000000 00000000 00000000 00000100 00000002 00000000 00000000 00000000 00000001 0000000D 0000000F 00000100 00000000 00000000 00000000
0000000E 007 004C9000 00000000 00000000 00000000 00000000 00000100 00000002 00000000 00000000 00000000 00000001 00000002 0000000F 00000100 00000000 00000000 00000000
0000000F 008 11541001 00000000 00000001 00000000 00000000 00000101 00000002 00000000 00000000 00000000 00000001 00000002 0000000F 00000100 00000000 00000000 00000000
00000010 009 0F1A500C 00000000 0000000C 00000000 00000000 00000101 00000063 00000000 00000000 00000000 00000001 00000002 0000000F 00000100 00000000 00000000 00000000
00000011 00A 125C9000 00000000 00000000 00000000 00000000 00000101 00000063 00000000 00000000 00000000 00000001 00000002 0000000F 00000100 00000000 00000000 00000000
00000012 00B 12A41001 00000000 00000001 00000000 00000000 00000101 00000063 00000000 00000000 00000000 00000001 00000002 0000000F 00000100 00000000 00000000 00000000
00000013 00C 00991001 00000000 00000001 00000000 00000000 00000101 00000063 00000000 00000000 00000000 00000001 00000002 0000000F 00000100 00000000 00000000 00000000
00000014 00D 0A100005 00000000 00000005 00000000 00000000 00000101 00000063 00000000 00000000 00000000 00000002 00000002 0000000F 00000100 00000000 00000000 00000000
00000015 005 0F19B00E 00000000 0000000E 00000000 00000000 00000101 00000063 00000000 00000000 00000000 00000002 00000002 0000000F 00000100 00000000 00000000 00000000
00000016 006 11AC9000 00000000 00000000 00000000 00000000 00000101 00000063 00000000 00000000 00000000 00000002 00000002 0000000F 00000100 00000000 00000000 00000000
00000017 007 004C9000 00000000 00000000 00000000 00000000 00000101 00000063 00000000 00000000 00000000 00000002 00000002 0000000F 00000100 00000000 00000000 00000000
00000018 008 11541001 00000000 00000001 00000000 00000000 00000102 00000063 00000000 00000000 00000000 00000002 00000002 0000000F 00000100 00000000 00000000 00000000
00000019 009 0F1A500C 00000000 0000000C 00000000 00000000 00000102 00000007 00000000 00000000 00000000 00000002 00000002 0000000F 00000100 00000000 00000000 00000000
0000001A 00A 125C9000 00000000 00000000 00000000 00000000 00000102 00000007 00000000 00000000 00000000 00000002 00000002 0000000F 00000100 00000000 00000000 00000000
0000001B 00B 12A41001 00000000 00000001 00000000 00000000 00000102 00000007 00000000 00000000 00000000 00000002 00000002 0000000F 00000100 00000000 00000000 00000000
0000001C 00C 00991001 00000000 00000001 00000000 00000000 00000102 00000007 00000000 00000000 00000000 00000002 00000002 0000000F 00000100 00000000 00000000 00000000
0000001D 00D 0A100005 00000000 00000005 00000000 00000000 00000102 00000007 00000000 00000000 00000000 00000003 00000002 0000000F 00000100 00000000 00000000 00000000
0000001E 005 0F19B00E 00000000 0000000E 00000000 00000000 00000102 00000007 00000000 00000000 00000000 00000003 00000002 0000000F 00000100 00000000 00000000 00000000
0000001F 006 11AC9000 00000000 00000000 00000000 00000000 00000102 00000007 00000000 00000000 00000000 00000003 00000002 0000000F 00000100 00000000 00000000 00000000
00000020 007 004C9000 00000000 00000000 00000000 00000000 00000102 00000007 00000000 00000000 00000000 00000003 00000002 0000000F 00000100 00000000 00000000 00000000
00000021 008 11541001 00000000 00000001 00000000 00000000 00000103 00000007 00000000 00000000 00000000 00000003 00000002 0000000F 00000100 00000000 00000000 00000000
00000022 009 0F1A500C 00000000 0000000C 00000000 00000000 00000103 00000037 00000000 00000000 00000000 00000003 00000002 0000000F 00000100 00000000 00000000 00000000
00000023 00A 125C9000 00000000 00000000 00000000 00000000 00000103 00000037 00000000 00000000 00000000 00000003 00000002 0000000F 00000100 00000000 00000000 00000000
00000024 00B 12A41001 00000000 00000001 00000000 00000000 00000103 00000037 00000000 00000000 00000000 00000003 00000002 0000000F 00000100 00000000 00000000 00000000
00000025 00C 00991001 00000000 00000001 00000000 00000000 00000103 00000037 00000000 00000000 00000000 00000003 00000002 0000000F 00000100 00000000 00000000 00000000
00000026 00D 0A100005 00000000 00000005 00000000 00000000 00000103 00000037 00000000 00000000 00000000 00000004 00000002 0000000F 00000100 00000000 00000000 00000000
00000027 005 0F19B00E 00000000 0000000E 00000000 00000000 00000103 00000037 00000000 00000000 00000000 00000004 00000002 0000000F 00000100 00000000 00000000 00000000
00000028 006 11AC9000 00000000 00000000 00000000 00000000 00000103 00000037 00000000 00000000 00000000 00000004 00000002 0000000F 00000100 00000000 00000000 00000000
00000029 007 004C9000 00000000 00000000 00000000 00000000 00000103 00000037 00000000 00000000 00000000 00000004 00000002 0000000F 00000100 00000000 00000000 00000000
0000002A 008 11541001 00000000 00000001 00000000 00000000 00000104 00000037 00000000 00000000 00000000 00000004 00000002 0000000F 00000100 00000000 00000000 00000000
0000002B 009 0F1A500C 00000000 0000000C 00000000 00000000 00000104 0000002A 00000000 00000000 00000000 00000004 00000002 0000000F 00000100 00000000 00000000 00000000
0000002C 00A 125C9000 00000000 00000000 00000000 00000000 00000104 0000002A 00000000 00000000 00000000 00000004 00000002 0000000F 00000100 00000000 00000000 00000000
0000002D 00B 12A41001 00000000 00000001 00000000 00000000 00000104 0000002A 00000000 00000000 00000000 00000004 00000002 0000000F 00000100 00000000 00000000 00000000
0000002E 00C 00991001 00000000 00000001 00000000 00000000 00000104 0000002A 00000000 00000000 00000000 00000004 00000002 0000000F 00000100 00000000 00000000 00000000
0000002F 00D 0A100005 00000000 00000005 00000000 00000000 00000104 0000002A 00000000 00000000 00000000 00000005 00000002 0000000F 00000100 00000000 00000000 00000000
00000030 005 0F19B00E 00000000 0000000E 00000000 00000000 00000104 0000002A 00000000 00000000 00000000 00000005 00000002 0000000F 00000100 00000000 00000000 00000000
00000031 006 11AC9000 00000000 00000000 00000000 00000000 00000104 0000002A 00000000 00000000 00000000 00000005 00000002 0000000F 00000100 00000000 00000000 00000000
00000032 007 004C9000 00000000 00000000 00000000 00000000 00000104 0000002A 00000000 00000000 00000000 00000005 00000002 0000000F 00000100 00000000 00000000 00000000
00000033 008 11541001 00000000 00000001 00000000 00000000 00000105 0000002A 00000000 00000000 00000000 00000005 00000002 0000000F 00000100 00000000 00000000 00000000
00000034 009 0F1A500C 00000000 0000000C 00000000 00000000 00000105 00000011 00000000 00000000 00000000 00000005 00000002 0000000F 00000100 00000000 00000000 00000000
00000035 00A 125C9000 00000000 00000000 00000000 00000000 00000105 00000011 00000000 00000000 00000000 00000005 00000002 0000000F 00000100 00000000 00000000 00000000
00000036 00B 12A41001 00000000 00000001 00000000 00000000 00000105 00000011 00000000 00000000 00000000 00000005 00000002 0000000F 00000100 00000000 00000000 00000000
00000037 00C 00991001 00000000 00000001 00000000 00000000 00000105 00000011 00000000 00000000 00000000 00000005 00000002 0000000F 00000100 00000000 00000000 00000000
00000038 00D 0A100005 00000000 00000005 00000000 00000000 00000105 00000011 00000000 00000000 00000000 00000006 00000002 0000000F 00000100 00000000 00000000 00000000
00000039 005 0F19B00E 00000000 0000000E 00000000 00000000 00000105 00000011 00000000 00000000 00000000 00000006 00000002 0000000F 00000100 00000000 00000000 00000000
0000003A 006 11AC9000 00000000 00000000 00000000 00000000 00000105 00000011 00000000 00000000 00000000 00000006 00000002 0000000F 00000100 00000000 00000000 00000000
0000003B 007 004C9000 00000000 00000000 00000000 00000000 00000105 00000011 00000000 00000000 00000000 00000006 00000002 0000000F 00000100 00000000 00000000 00000000
0000003C 008 11541001 00000000 00000001 00000000 00000000 00000106 00000011 00000000 00000000 00000000 00000006 00000002 0000000F 00000100 00000000 00000000 00000000
0000003D 009 0F1A500C 00000000 0000000C 00000000 00000000 00000106 00000011 00000000 00000000 00000000 00000006 00000002 0000000F 00000100 00000000 00000000 00000000
0000003E 00A 125C9000 00000000 00000000 00000000 00000000 00000106 00000011 00000000 00000000 00000000 00000006 00000002 0000000F 00000100 00000000 00000000 00000000
0000003F 00B 12A41001 00000000 00000001 00000000 00000000 00000106 00000011 00000000 00000000 00000000 00000006 00000002 0000000F 00000100 00000000 00000000 00000000
00000040 00C 00991001 00000000 00000001 00000000 00000000 00000106 00000011 00000000 00000000 00000000 00000006 00000002 0000000F 00000100 00000000 00000000 00000000
00000041 00D 0A100005 00000000 00000005 00000000 00000000 00000106 00000011 00000000 00000000 00000000 00000007 00000002 0000000F 00000100 00000000 00000000 00000000
00000042 005 0F19B00E 00000000 0000000E 00000000 00000000 00000106 00000011 00000000 00000000 00000000 00000007 00000002 0000000F 00000100 00000000 00000000 00000000
00000043 006 11AC9000 00000000 00000000 00000000 00000000 00000106 00000011 00000000 00000000 00000000 00000007 00000002 0000000F 00000100 00000000 00000000 00000000
00000044 007 004C9000 00000000 00000000 00000000 00000000 00000106 00000011 00000000 00000000 00000000 00000007 00000002 0000000F 00000100 00000000 00000000 00000000
00000045 008 11541001 00000000 00000001 00000000 00000000 00000107 00000011 00000000 00000000 00000000 00000007 00000002 0000000F 00000100 00000000 00000000 00000000
00000046 009 0F1A500C 00000000 0000000C 00000000 00000000 00000107 00000005 00000000 00000000 00000000 00000007 00000002 0000000F 00000100 00000000 00000000 00000000
00000047 00A 125C9000 00000000 00000000 00000000 00000000 00000107 00000005 00000000 00000000 00000000 00000007 00000002 0000000F 00000100 00000000 00000000 00000000
00000048 00B 12A41001 00000000 00000001 00000000 00000000 00000107 00000005 00000000 00000000 00000000 00000007 00000002 0000000F 00000100 00000000 00000000 00000000
00000049 00C 00991001 00000000 00000001 00000000 00000000 00000107 00000005 00000000 00000000 00000000 00000007 00000002 0000000F 00000100 00000000 00000000 00000000
0000004A 00D 0A100005 00000000 00000005 00000000 00000000 00000107 00000005 00000000 00000000 00000000 00000008 00000002 0000000F 00000100 00000000 00000000 00000000
0000004B 005 0F19B00E 00000000 0000000E 00000000 00000000 00000107 00000005 00000000 00000000 00000000 00000008 00000002 0000000F 00000100 00000000 00000000 00000000
0000004C 006 11AC9000 00000000 00000000 00000000 00000000 00000107 00000005 00000000 00000000 00000000 00000008 00000002 0000000F 00000100 00000000 00000000 00000000
0000004D 007 004C9000 00000000 00000000 00000000 00000000 00000107 00000005 00000000 00000000 00000000 00000008 00000002 0000000F 00000100 00000000 00000000 00000000
0000004E 008 11541001 00000000 00000001 00000000 00000000 00000108 00000005 00000000 00000000 00000000 00000008 00000002 0000000F 00000100 00000000 00000000 00000000
0000004F 009 0F1A500C 00000000 0000000C 00000000 00000000 00000108 00000058 00000000 00000000 00000000 00000008 00000002 0000000F 00000100 00000000 00000000 00000000
00000050 00A 125C9000 00000000 00000000 00000000 00000000 00000108 00000058 00000000 00000000 00000000 00000008 00000002 0000000F 00000100 00000000 00000000 00000000
00000051 00B 12A41001 00000000 00000001 00000000 00000000 00000108 00000058 00000000 00000000 00000000 00000008 00000002 0000000F 00000100 00000000 00000000 00000000
00000052 00C 00991001 00000000 00000001 00000000 00000000 00000108 00000058 00000000 00000000 00000000 00000008 00000002 0000000F 00000100 00000000 00000000 00000000
00000053 00D 0A100005 00000000 00000005 00000000 00000000 00000108 00000058 00000000 00000000 00000000 00000009 00000002 0000000F 00000100 00000000 00000000 00000000
00000054 005 0F19B00E 00000000 0000000E 00000000 00000000 00000108 00000058 00000000 00000000 00000000 00000009 00000002 0000000F 00000100 00000000 00000000 00000000
00000055 006 11AC9000 00000000 00000000 00000000 00000000 00000108 00000058 00000000 00000000 00000000 00000009 00000002 0000000F 00000100 00000000 00000000 00000000
00000056 007 004C9000 00000000 00000000 00000000 00000000 00000108 00000058 00000000 00000000 00000000 00000009 00000002 0000000F 00000100 00000000 00000000 00000000
00000057 008 11541001 00000000 00000001 00000000 00000000 00000109 00000058 00000000 00000000 00000000 00000009 00000002 0000000F 00000100 00000000 00000000 00000000
00000058 009 0F1A500C 00000000 0000000C 00000000 00000000 00000109 00000001 00000000 00000000 00000000 00000009 00000002 0000000F 00000100 00000000 00000000 00000000
00000059 00C 00991001 00000000 00000001 00000000 00000000 00000109 00000001 00000000 00000000 00000000 00000009 00000002 0000000F 00000100 00000000 00000000 00000000
0000005A 00D 0A100005 00000000 00000005 00000000 00000000 00000109 00000001 00000000 00000000 00000000 0000000A 00000002 0000000F 00000100 00000000 00000000 00000000
0000005B 005 0F19B00E 00000000 0000000E 00000000 00000000 00000109 00000001 00000000 00000000 00000000 0000000A 00000002 0000000F 00000100 00000000 00000000 00000000
0000005C 006 11AC9000 00000000 00000000 00000000 00000000 00000109 00000001 00000000 00000000 00000000 0000000A 00000002 0000000F 00000100 00000000 00000000 00000000
0000005D 007 004C9000 00000000 00000000 00000000 00000000 00000109 00000001 00000000 00000000 00000000 0000000A 00000001 0000000F 00000100 00000000 00000000 00000000
0000005E 008 11541001 00000000 00000001 00000000 00000000 0000010A 00000001 00000000 00000000 00000000 0000000A 00000001 0000000F 00000100 00000000 00000000 00000000
0000005F 009 0F1A500C 00000000 0000000C 00000000 00000000 0000010A 00000040 00000000 00000000 00000000 0000000A 00000001 0000000F 00000100 00000000 00000000 00000000
00000060 00A 125C9000 00000000 00000000 00000000 00000000 0000010A 00000040 00000000 00000000 00000000 0000000A 00000001 0000000F 00000100 00000000 00000000 00000000
00000061 00B 12A41001 00000000 00000001 00000000 00000000 0000010A 00000040 00000000 00000000 00000000 0000000A 00000001 0000000F 00000100 00000000 00000000 00000000
00000062 00C 00991001 00000000 00000001 00000000 00000000 0000010A 00000040 00000000 00000000 00000000 0000000A 00000001 0000000F 00000100 00000000 00000000 00000000
00000063 00D 0A100005 00000000 00000005 00000000 00000000 0000010A 00000040 00000000 00000000 00000000 0000000B 00000001 0000000F 00000100 00000000 00000000 00000000
00000064 005 0F19B00E 00000000 0000000E 00000000 00000000 0000010A 00000040 00000000 00000000 00000000 0000000B 00000001 0000000F 00000100 00000000 00000000 00000000
00000065 006 11AC9000 00000000 00000000 00000000 00000000 0000010A 00000040 00000000 00000000 00000000 0000000B 00000001 0000000F 00000100 00000000 00000000 00000000
00000066 007 004C9000 00000000 00000000 00000000 00000000 0000010A 00000040 00000000 00000000 00000000 0000000B 00000001 0000000F 00000100 00000000 00000000 00000000
00000067 008 11541001 00000000 00000001 00000000 00000000 0000010B 00000040 00000000 00000000 00000000 0000000B 00000001 0000000F 00000100 00000000 00000000 00000000
00000068 009 0F1A500C 00000000 0000000C 00000000 00000000 0000010B 00000017 00000000 00000000 00000000 0000000B 00000001 0000000F 00000100 00000000 00000000 00000000
00000069 00A 125C9000 00000000 00000000 00000000 00000000 0000010B 00000017 00000000 00000000 00000000 0000000B 00000001 0000000F 00000100 00000000 00000000 00000000
0000006A 00B 12A41001 00000000 00000001 00000000 00000000 0000010B 00000017 00000000 00000000 00000000 0000000B 00000001 0000000F 00000100 00000000 00000000 00000000
0000006B 00C 00991001 00000000 00000001 00000000 00000000 0000010B 00000017 00000000 00000000 00000000 0000000B 00000001 0000000F 00000100 00000000 00000000 00000000
0000006C 00D 0A100005 00000000 00000005 00000000 00000000 0000010B 00000017 00000000 00000000 00000000 0000000C 00000001 0000000F 00000100 00000000 00000000 00000000
0000006D 005 0F19B00E 00000000 0000000E 00000000 00000000 0000010B 00000017 00000000 00000000 00000000 0000000C 00000001 0000000F 00000100 00000000 00000000 00000000
0000006E 006 11AC9000 00000000 00000000 00000000 00000000 0000010B 00000017 00000000 00000000 00000000 0000000C 00000001 0000000F 00000100 00000000 00000000 00000000
0000006F 007 004C9000 00000000 00000000 00000000 00000000 0000010B 00000017 00000000 00000000 00000000 0000000C 00000001 0000000F 00000100 00000000 00000000 00000000
00000070 008 11541001 00000000 00000001 00000000 00000000 0000010C 00000017 00000000 00000000 00000000 0000000C 00000001 0000000F 00000100 00000000 00000000 00000000
00000071 009 0F1A500C 00000000 0000000C 00000000 00000000 0000010C 00000009 00000000 00000000 00000000 0000000C 00000001 0000000F 00000100 00000000 00000000 00000000
00000072 00A 125C9000 00000000 00000000 00000000 00000000 0000010C 00000009 00000000 00000000 00000000 0000000C 00000001 0000000F 00000100 00000000 00000000 00000000
00000073 00B 12A41001 00000000 00000001 00000000 00000000 0000010C 00000009 00000000 00000000 00000000 0000000C 00000001 0000000F 00000100 00000000 00000000 00000000
00000074 00C 00991001 00000000 00000001 00000000 00000000 0000010C 00000009 00000000 00000000 00000000 0000000C 00000001 0000000F 00000100 00000000 00000000 00000000
00000075 00D 0A100005 00000000 00000005 00000000 00000000 0000010C 00000009 00000000 00000000 00000000 0000000D 00000001 0000000F 00000100 00000000 00000000 00000000
00000076 005 0F19B00E 00000000 0000000E 00000000 00000000 0000010C 00000009 00000000 00000000 00000000 0000000D 00000001 0000000F 00000100 00000000 00000000 00000000
00000077 006 11AC9000 00000000 00000000 00000000 00000000 0000010C 00000009 00000000 00000000 00000000 0000000D 00000001 0000000F 00000100 00000000 00000000 00000000
00000078 007 004C9000 00000000 00000000 00000000 00000000 0000010C 00000009 00000000 00000000 00000000 0000000D 00000001 0000000F 00000100 00000000 00000000 00000000
00000079 008 11541001 00000000 00000001 00000000 00000000 0000010D 00000009 00000000 00000000 00000000 0000000D 00000001 0000000F 00000100 00000000 00000000 00000000
0000007A 009 0F1A500C 00000000 0000000C 00000000 00000000 0000010D 00000064 00000000 00000000 00000000 0000000D 00000001 0000000F 00000100 00000000 00000000 00000000
0000007B 00A 125C9000 00000000 00000000 00000000 00000000 0000010D 00000064 00000000 00000000 00000000 0000000D 00000001 0000000F 00000100 00000000 00000000 00000000
0000007C 00B 12A41001 00000000 00000001 00000000 00000000 0000010D 00000064 00000000 00000000 00000000 0000000D 00000001 0000000F 00000100 00000000 00000000 00000000
0000007D 00C 00991001 00000000 00000001 00000000 00000000 0000010D 00000064 00000000 00000000 00000000 0000000D 00000001 0000000F 00000100 00000000 00000000 00000000
0000007E 00D 0A100005 00000000 00000005 00000000 00000000 0000010D 00000064 00000000 00000000 00000000 0000000E 00000001 0000000F 00000100 00000000 00000000 00000000
0000007F 005 0F19B00E 00000000 0000000E 00000000 00000000 0000010D 00000064 00000000 00000000 00000000 0000000E 00000001 0000000F 00000100 00000000 00000000 00000000
00000080 006 11AC9000 00000000 00000000 00000000 00000000 0000010D 00000064 00000000 00000000 00000000 0000000E 00000001 0000000F 00000100 00000000 00000000 00000000
00000081 007 004C9000 00000000 00000000 00000000 00000000 0000010D 00000064 00000000 00000000 00000000 0000000E 00000001 0000000F 00000100 00000000 00000000 00000000
00000082 008 11541001 00000000 00000001 00000000 00000000 0000010E 00000064 00000000 00000000 00000000 0000000E 00000001 0000000F 00000100 00000000 00000000 00000000
00000083 009 0F1A500C 00000000 0000000C 00000000 00000000 0000010E 0000001F 00000000 00000000 00000000 0000000E 00000001 0000000F 00000100 00000000 00000000 00000000
00000084 00A 125C9000 00000000 00000000 00000000 00000000 0000010E 0000001F 00000000 00000000 00000000 0000000E 00000001 0000000F 00000100 00000000 00000000 00000000
00000085 00B 12A41001 00000000 00000001 00000000 00000000 0000010E 0000001F 00000000 00000000 00000000 0000000E 00000001 0000000F 00000100 00000000 00000000 00000000
00000086 00C 00991001 00000000 00000001 00000000 00000000 0000010E 0000001F 00000000 00000000 00000000 0000000E 00000001 0000000F 00000100 00000000 00000000 00000000
00000087 00D 0A100005 00000000 00000005 00000000 00000000 0000010E 0000001F 00000000 00000000 00000000 0000000F 00000001 0000000F 00000100 00000000 00000000 00000000
00000088 005 0F19B00E 00000000 0000000E 00000000 00000000 0000010E 0000001F 00000000 00000000 00000000 0000000F 00000001 0000000F 00000100 00000000 00000000 00000000
00000089 00E 00881001 00000000 00000001 00000000 00000000 0000010E 0000001F 00000000 00000000 00000000 0000000F 00000001 0000000F 00000100 00000000 00000000 00000000
0000008A 00F 0A100002 00000000 00000002 00000000 00000000 0000010E 0000001F 00000000 00000000 00000001 0000000F 00000001 0000000F 00000100 00000000 00000000 00000000
0000008B 002 01B1800F 00000000 0000000F 00000000 00000000 0000010E 0000001F 00000000 00000000 00000001 0000000F 00000001 0000000F 00000100 00000000 00000000 00000000
0000008C 003 0A1B0010 00000000 00000010 00000000 00000000 0000010E 0000001F 00000000 00000000 00000001 0000000F 00000001 0000000E 00000100 00000000 00000000 00000000
0000008D 004 00900000 00000000 00000000 00000000 00000000 0000010E 0000001F 00000000 00000000 00000001 0000000F 00000001 0000000E 00000100 00000000 00000000 00000000
0000008E 005 0F19B00E 00000000 0000000E 00000000 00000000 0000010E 0000001F 00000000 00000000 00000001 00000000 00000001 0000000E 00000100 00000000 00000000 00000000
0000008F 006 11AC9000 00000000 00000000 00000000 00000000 0000010E 0000001F 00000000 00000000 00000001 00000000 00000001 0000000E 00000100 00000000 00000000 00000000
00000090 007 004C9000 00000000 00000000 00000000 00000000 0000010E 0000001F 00000000 00000000 00000001 00000000 0000000D 0000000E 00000100 00000000 00000000 00000000
00000091 008 11541001 00000000 00000001 00000000 00000000 00000100 0000001F 00000000 00000000 00000001 00000000 0000000D 0000000E 00000100 00000000 00000000 00000000
00000092 009 0F1A500C 00000000 0000000C 00000000 00000000 00000100 00000063 00000000 00000000 00000001 00000000 0000000D 0000000E 00000100 00000000 00000000 00000000
00000093 00A 125C9000 00000000 00000000 00000000 00000000 00000100 00000063 00000000 00000000 00000001 00000000 0000000D 0000000E 00000100 00000000 00000000 00000000
00000094 00B 12A41001 00000000 00000001 00000000 00000000 00000100 00000063 00000000 00000000 00000001 00000000 0000000D 0000000E 00000100 00000000 00000000 00000000
00000095 00C 00991001 00000000 00000001 00000000 00000000 00000100 00000063 00000000 00000000 00000001 00000000 0000000D 0000000E 00000100 00000000 00000000 00000000
00000096 00D 0A100005 00000000 00000005 00000000 00000000 00000100 00000063 00000000 00000000 00000001 00000001 0000000D 0000000E 00000100 00000000 00000000 00000000
00000097 005 0F19B00E 00000000 0000000E 00000000 00000000 00000100 00000063 00000000 00000000 00000001 00000001 0000000D 0000000E 00000100 00000000 00000000 00000000
00000098 006 11AC9000 00000000 00000000 00000000 00000000 00000100 00000063 00000000 00000000 00000001 00000001 0000000D 0000000E 00000100 00000000 00000000 00000000
00000099 007 004C9000 00000000 00000000 00000000 00000000 00000100 00000063 00000000 00000000 00000001 00000001 0000000D 0000000E 00000100 00000000 00000000 00000000
0000009A 008 11541001 00000000 00000001 00000000 00000000 00000101 00000063 00000000 00000000 00000001 00000001 0000000D 0000000E 00000100 00000000 00000000 00000000
0000009B 009 0F1A500C 00000000 0000000C 00000000 00000000 00000101 00000007 00000000 00000000 00000001 00000001 0000000D 0000000E 00000100 00000000 00000000 00000000
0000009C 00C 00991001 00000000 00000001 00000000 00000000 00000101 00000007 00000000 00000000 00000001 00000001 0000000D 0000000E 00000100 00000000 00000000 00000000
0000009D 00D 0A100005 00000000 00000005 00000000 00000000 00000101 00000007 00000000 00000000 00000001 00000002 0000000D 0000000E 00000100 00000000 00000000 00000000
0000009E 005 0F19B00E 00000000 0000000E 00000000 00000000 00000101 00000007 00000000 00000000 00000001 00000002 0000000D 0000000E 00000100 00000000 00000000 00000000
0000009F 006 11AC9000 00000000 00000000 00000000 00000000 00000101 00000007 00000000 00000000 00000001 00000002 0000000D 0000000E 00000100 00000000 00000000 00000000
000000A0 007 004C9000 00000000 00000000 00000000 00000000 00000101 00000007 00000000 00000000 00000001 00000002 00000007 0000000E 00000100 00000000 00000000 00000000
000000A1 008 11541001 00000000 00000001 00000000 00000000 00000102 00000007 00000000 00000000 00000001 00000002 00000007 0000000E 00000100 00000000 00000000 00000000
000000A2 009 0F1A500C 00000000 0000000C 00000000 00000000 00000102 00000037 00000000 00000000 00000001 00000002 00000007 0000000E 00000100 00000000 00000000 00000000
000000A3 00A 125C9000 00000000 00000000 00000000 00000000 00000102 00000037 00000000 00000000 00000001 00000002 00000007 0000000E 00000100 00000000 00000000 00000000
000000A4 00B 12A41001 00000000 00000001 00000000 00000000 00000102 00000037 00000000 00000000 00000001 00000002 00000007 0000000E 00000100 00000000 00000000 00000000
000000A5 00C 00991001 00000000 00000001 00000000 00000000 00000102 00000037 00000000 00000000 00000001 00000002 00000007 0000000E 00000100 00000000 00000000 00000000
000000A6 00D 0A100005 00000000 00000005 00000000 00000000 00000102 00000037 00000000 00000000 00000001 00000003 00000007 0000000E 00000100 00000000 00000000 00000000
000000A7 005 0F19B00E 00000000 0000000E 00000000 00000000 00000102 00000037 00000000 00000000 00000001 00000003 00000007 0000000E 00000100 00000000 00000000 00000000
000000A8 006 11AC9000 00000000 00000000 00000000 00000000 00000102 00000037 00000000 00000000 00000001 00000003 00000007 0000000E 00000100 00000000 00000000 00000000
000000A9 007 004C9000 00000000 00000000 00000000 00000000 00000102 00000037 00000000 00000000 00000001 00000003 00000007 0000000E 00000100 00000000 00000000 00000000
000000AA 008 11541001 00000000 00000001 00000000 00000000 00000103 00000037 00000000 00000000 00000001 00000003 00000007 0000000E 00000100 00000000 00000000 00000000
000000AB 009 0F1A500C 00000000 0000000C 00000000 00000000 00000103 0000002A 00000000 00000000 00000001 00000003 00000007 0000000E 00000100 00000000 00000000 00000000
000000AC 00A 125C9000 00000000 00000000 00000000 00000000 00000103 0000002A 00000000 00000000 00000001 00000003 00000007 0000000E 00000100 00000000 00000000 00000000
000000AD 00B 12A41001 00000000 00000001 00000000 00000000 00000103 0000002A 00000000 00000000 00000001 00000003 00000007 0000000E 00000100 00000000 00000000 00000000
000000AE 00C 00991001 00000000 00000001 00000000 00000000 00000103 0000002A 00000000 00000000 00000001 00000003 00000007 0000000E 00000100 00000000 00000000 00000000
000000AF 00D 0A100005 00000000 00000005 00000000 00000000 00000103 0000002A 00000000 00000000 00000001 00000004 00000007 0000000E 00000100 00000000 00000000 00000000
000000B0 005 0F19B00E 00000000 0000000E 00000000 00000000 00000103 0000002A 00000000 00000000 00000001 00000004 00000007 0000000E 00000100 00000000 00000000 00000000
000000B1 006 11AC9000 00000000 00000000 00000000 00000000 00000103 0000002A 00000000 00000000 00000001 00000004 00000007 0000000E 00000100 00000000 00000000 00000000
000000B2 007 004C9000 00000000 00000000 00000000 00000000 00000103 0000002A 00000000 00000000 00000001 00000004 00000007 0000000E 00000100 00000000 00000000 00000000
000000B3 008 11541001 00000000 00000001 00000000 00000000 00000104 0000002A 00000000 00000000 00000001 00000004 00000007 0000000E 00000100 00000000 00000000 00000000
000000B4 009 0F1A500C 00000000 0000000C 00000000 00000000 00000104 00000011 00000000 00000000 00000001 00000004 00000007 0000000E 00000100 00000000 00000000 00000000
000000B5 00A 125C9000 00000000 00000000 00000000 00000000 00000104 00000011 00000000 00000000 00000001 00000004 00000007 0000000E 00000100 00000000 00000000 00000000
000000B6 00B 12A41001 00000000 00000001 00000000 00000000 00000104 00000011 00000000 00000000 00000001 00000004 00000007 0000000E 00000100 00000000 00000000 00000000
000000B7 00C 00991001 00000000 00000001 00000000 00000000 00000104 00000011 00000000 00000000 00000001 00000004 00000007 0000000E 00000100 00000000 00000000 00000000
000000B8 00D 0A100005 00000000 00000005 00000000 00000000 00000104 00000011 00000000 00000000 00000001 00000005 00000007 0000000E 00000100 00000000 00000000 00000000
000000B9 005 0F19B00E 00000000 0000000E 00000000 00000000 00000104 00000011 00000000 00000000 00000001 00000005 00000007 0000000E 00000100 00000000 00000000 00000000
000000BA 006 11AC9000 00000000 00000000 00000000 00000000 00000104 00000011 00000000 00000000 00000001 00000005 00000007 0000000E 00000100 00000000 00000000 00000000
000000BB 007 004C9000 00000000 00000000 00000000 00000000 00000104 00000011 00000000 00000000 00000001 00000005 00000007 0000000E 00000100 00000000 00000000 00000000
000000BC 008 11541001 00000000 00000001 00000000 00000000 00000105 00000011 00000000 00000000 00000001 00000005 00000007 0000000E 00000100 00000000 00000000 00000000
000000BD 009 0F1A500C 00000000 0000000C 00000000 00000000 00000105 00000011 00000000 00000000 00000001 00000005 00000007 0000000E 00000100 00000000 00000000 00000000
000000BE 00A 125C9000 00000000 00000000 00000000 00000000 00000105 00000011 00000000 00000000 00000001 00000005 00000007 0000000E 00000100 00000000 00000000 00000000
000000BF 00B 12A41001 00000000 00000001 00000000 00000000 00000105 00000011 00000000 00000000 00000001 00000005 00000007 0000000E 00000100 00000000 00000000 00000000
000000C0 00C 00991001 00000000 00000001 00000000 00000000 00000105 00000011 00000000 00000000 00000001 00000005 00000007 0000000E 00000100 00000000 00000000 00000000
000000C1 00D 0A100005 00000000 00000005 00000000 00000000 00000105 00000011 00000000 00000000 00000001 00000006 00000007 0000000E 00000100 00000000 00000000 00000000
000000C2 005 0F19B00E 00000000 0000000E 00000000 00000000 00000105 00000011 00000000 00000000 00000001 00000006 00000007 0000000E 00000100 00000000 00000000 00000000
000000C3 006 11AC9000 00000000 00000000 00000000 00000000 00000105 00000011 00000000 00000000 00000001 00000006 00000007 0000000E 00000100 00000000 00000000 00000000
000000C4 007 004C9000 00000000 00000000 00000000 00000000 00000105 00000011 00000000 00000000 00000001 00000006 00000007 0000000E 00000100 00000000 00000000 00000000
000000C5 008 11541001 00000000 00000001 00000000 00000000 00000106 00000011 00000000 00000000 00000001 00000006 00000007 0000000E 00000100 00000000 00000000 00000000
000000C6 009 0F1A500C 00000000 0000000C 00000000 00000000 00000106 00000005 00000000 00000000 00000001 00000006 00000007 0000000E 00000100 00000000 00000000 00000000
000000C7 00C 00991001 00000000 00000001 00000000 00000000 00000106 00000005 00000000 00000000 00000001 00000006 00000007 0000000E 00000100 00000000 00000000 00000000
000000C8 00D 0A100005 00000000 00000005 00000000 00000000 00000106 00000005 00000000 00000000 00000001 00000007 00000007 0000000E 00000100 00000000 00000000 00000000
000000C9 005 0F19B00E 00000000 0000000E 00000000 00000000 00000106 00000005 00000000 00000000 00000001 00000007 00000007 0000000E 00000100 00000000 00000000 00000000
000000CA 006 11AC9000 00000000 00000000 00000000 00000000 00000106 00000005 00000000 00000000 00000001 00000007 00000007 0000000E 00000100 00000000 00000000 00000000
000000CB 007 004C9000 00000000 00000000 00000000 00000000 00000106 00000005 00000000 00000000 00000001 00000007 00000005 0000000E 00000100 00000000 00000000 00000000
000000CC 008 11541001 00000000 00000001 00000000 00000000 00000107 00000005 00000000 00000000 00000001 00000007 00000005 0000000E 00000100 00000000 00000000 00000000
000000CD 009 0F1A500C 00000000 0000000C 00000000 00000000 00000107 00000058 00000000 00000000 00000001 00000007 00000005 0000000E 00000100 00000000 00000000 00000000
000000CE 00A 125C9000 00000000 00000000 00000000 00000000 00000107 00000058 00000000 00000000 00000001 00000007 00000005 0000000E 00000100 00000000 00000000 00000000
000000CF 00B 12A41001 00000000 00000001 00000000 00000000 00000107 00000058 00000000 00000000 00000001 00000007 00000005 0000000E 00000100 00000000 00000000 00000000
000000D0 00C 00991001 00000000 00000001 00000000 00000000 00000107 00000058 00000000 00000000 00000001 00000007 00000005 0000000E 00000100 00000000 00000000 00000000
000000D1 00D 0A100005 00000000 00000005 00000000 00000000 00000107 00000058 00000000 00000000 00000001 00000008 00000005 0000000E 00000100 00000000 00000000 00000000
000000D2 005 0F19B00E 00000000 0000000E 00000000 00000000 00000107 00000058 00000000 00000000 00000001 00000008 00000005 0000000E 00000100 00000000 00000000 00000000
000000D3 006 11AC9000 00000000 00000000 00000000 00000000 00000107 00000058 00000000 00000000 00000001 00000008 00000005 0000000E 00000100 00000000 00000000 00000000
000000D4 007 004C9000 00000000 00000000 00000000 00000000 00000107 00000058 00000000 00000000 00000001 00000008 00000005 0000000E 00000100 00000000 00000000 00000000
000000D5 008 11541001 00000000 00000001 00000000 00000000 00000108 00000058 00000000 00000000 00000001 00000008 00000005 0000000E 00000100 00000000 00000000 00000000
000000D6 009 0F1A500C 00000000 0000000C 00000000 00000000 00000108 00000002 00000000 00000000 00000001 00000008 00000005 0000000E 00000100 00000000 00000000 00000000
000000D7 00C 00991001 00000000 00000001 00000000 00000000 00000108 00000002 00000000 00000000 00000001 00000008 00000005 0000000E 00000100 00000000 00000000 00000000
000000D8 00D 0A100005 00000000 00000005 00000000 00000000 00000108 00000002 00000000 00000000 00000001 00000009 00000005 0000000E 00000100 00000000 00000000 00000000
000000D9 005 0F19B00E 00000000 0000000E 00000000 00000000 00000108 00000002 00000000 00000000 00000001 00000009 00000005 0000000E 00000100 00000000 00000000 00000000
000000DA 006 11AC9000 00000000 00000000 00000000 00000000 00000108 00000002 00000000 00000000 00000001 00000009 00000005 0000000E 00000100 00000000 00000000 00000000
000000DB 007 004C9000 00000000 00000000 00000000 00000000 00000108 00000002 00000000 00000000 00000001 00000009 00000002 0000000E 00000100 00000000 00000000 00000000
000000DC 008 11541001 00000000 00000001 00000000 00000000 00000109 00000002 00000000 00000000 00000001 00000009 00000002 0000000E 00000100 00000000 00000000 00000000
000000DD 009 0F1A500C 00000000 0000000C 00000000 00000000 00000109 00000040 00000000 00000000 00000001 00000009 00000002 0000000E 00000100 00000000 00000000 00000000
000000DE 00A 125C9000 00000000 00000000 00000000 00000000 00000109 00000040 00000000 00000000 00000001 00000009 00000002 0000000E 00000100 00000000 00000000 00000000
000000DF 00B 12A41001 00000000 00000001 00000000 00000000 00000109 00000040 00000000 00000000 00000001 00000009 00000002 0000000E 00000100 00000000 00000000 00000000
000000E0 00C 00991001 00000000 00000001 00000000 00000000 00000109 00000040 00000000 00000000 00000001 00000009 00000002 0000000E 00000100 00000000 00000000 00000000
000000E1 00D 0A100005 00000000 00000005 00000000 00000000 00000109 00000040 00000000 00000000 00000001 0000000A 00000002 0000000E 00000100 00000000 00000000 00000000
000000E2 005 0F19B00E 00000000 0000000E 00000000 00000000 00000109 00000040 00000000 00000000 00000001 0000000A 00000002 0000000E 00000100 00000000 00000000 00000000
000000E3 006 11AC9000 00000000 00000000 00000000 00000000 00000109 00000040 00000000 00000000 00000001 0000000A 00000002 0000000E 00000100 00000000 00000000 00000000
000000E4 007 004C9000 00000000 00000000 00000000 00000000 00000109 00000040 00000000 00000000 00000001 0000000A 00000002 0000000E 00000100 00000000 00000000 00000000
000000E5 008 11541001 00000000 00000001 00000000 00000000 0000010A 00000040 00000000 00000000 00000001 0000000A 00000002 0000000E 00000100 00000000 00000000 00000000
000000E6 009 0F1A500C 00000000 0000000C 00000000 00000000 0000010A 00000017 00000000 00000000 00000001 0000000A 00000002 0000000E 00000100 00000000 00000000 00000000
000000E7 00A 125C9000 00000000 00000000 00000000 00000000 0000010A 00000017 00000000 00000000 00000001 0000000A 00000002 0000000E 00000100 00000000 00000000 00000000
000000E8 00B 12A41001 00000000 00000001 00000000 00000000 0000010A 00000017 00000000 00000000 00000001 0000000A 00000002 0000000E 00000100 00000000 00000000 00000000
000000E9 00C 00991001 00000000 00000001 00000000 00000000 0000010A 00000017 00000000 00000000 00000001 0000000A 00000002 0000000E 00000100 00000000 00000000 00000000
000000EA 00D 0A100005 00000000 00000005 00000000 00000000 0000010A 00000017 00000000 00000000 00000001 0000000B 00000002 0000000E 00000100 00000000 00000000 00000000
000000EB 005 0F19B00E 00000000 0000000E 00000000 00000000 0000010A 00000017 00000000 00000000 00000001 0000000B 00000002 0000000E 00000100 00000000 00000000 00000000
000000EC 006 11AC9000 00000000 00000000 00000000 00000000 0000010A 00000017 00000000 00000000 00000001 0000000B 00000002 0000000E 00000100 00000000 00000000 00000000
000000ED 007 004C9000 00000000 00000000 00000000 00000000 0000010A 00000017 00000000 00000000 00000001 0000000B 00000002 0000000E 00000100 00000000 00000000 00000000
000000EE 008 11541001 00000000 00000001 00000000 00000000 0000010B 00000017 00000000 00000000 00000001 0000000B 00000002 0000000E 00000100 00000000 00000000 00000000
000000EF 009 0F1A500C 00000000 0000000C 00000000 00000000 0000010B 00000009 00000000 00000000 00000001 0000000B 00000002 0000000E 00000100 00000000 00000000 00000000
000000F0 00A 125C9000 00000000 00000000 00000000 00000000 0000010B 00000009 00000000 00000000 00000001 0000000B 00000002 0000000E 00000100 00000000 00000000 00000000
000000F1 00B 12A41001 00000000 00000001 00000000 00000000 0000010B 00000009 00000000 00000000 00000001 0000000B 00000002 0000000E 00000100 00000000 00000000 00000000
000000F2 00C 00991001 00000000 00000001 00000000 00000000 0000010B 00000009 00000000 00000000 00000001 0000000B 00000002 0000000E 00000100 00000000 00000000 00000000
000000F3 00D 0A100005 00000000 00000005 00000000 00000000 0000010B 00000009 00000000 00000000 00000001 0000000C 00000002 0000000E 00000100 00000000 00000000 00000000
000000F4 005 0F19B00E 00000000 0000000E 00000000 00000000 0000010B 00000009 00000000 00000000 00000001 0000000C 00000002 0000000E 00000100 00000000 00000000 00000000
000000F5 006 11AC9000 00000000 00000000 00000000 00000000 0000010B 00000009 00000000 00000000 00000001 0000000C 00000002 0000000E 00000100 00000000 00000000 00000000
000000F6 007 004C9000 00000000 00000000 00000000 00000000 0000010B 00000009 00000000 00000000 00000001 0000000C 00000002 0000000E 00000100 00000000 00000000 00000000
000000F7 008 11541001 00000000 00000001 00000000 00000000 0000010C 00000009 00000000 00000000 00000001 0000000C 00000002 0000000E 00000100 00000000 00000000 00000000
000000F8 009 0F1A500C 00000000 0000000C 00000000 00000000 0000010C 00000064 00000000 00000000 00000001 0000000C 00000002 0000000E 00000100 00000000 00000000 00000000
000000F9 00A 125C9000 00000000 00000000 00000000 00000000 0000010C 00000064 00000000 00000000 00000001 0000000C 00000002 0000000E 00000100 00000000 00000000 00000000
000000FA 00B 12A41001 00000000 00000001 00000000 00000000 0000010C 00000064 00000000 00000000 00000001 0000000C 00000002 0000000E 00000100 00000000 00000000 00000000
000000FB 00C 00991001 00000000 00000001 00000000 00000000 0000010C 00000064 00000000 00000000 00000001 0000000C 00000002 0000000E 00000100 00000000 00000000 00000000
000000FC 00D 0A100005 00000000 00000005 00000000 00000000 0000010C 00000064 00000000 00000000 00000001 0000000D 00000002 0000000E 00000100 00000000 00000000 00000000
000000FD 005 0F19B00E 00000000 0000000E 00000000 00000000 0000010C 00000064 00000000 00000000 00000001 0000000D 00000002 0000000E 00000100 00000000 00000000 00000000
000000FE 006 11AC9000 00000000 00000000 00000000 00000000 0000010C 00000064 00000000 00000000 00000001 0000000D 00000002 0000000E 00000100 00000000 00000000 00000000
000000FF 007 004C9000 00000000 00000000 00000000 00000000 0000010C 00000064 00000000 00000000 00000001 0000000D 00000002 0000000E 00000100 00000000 00000000 00000000
00000100 008 11541001 00000000 00000001 00000000 00000000 0000010D 00000064 00000000 00000000 00000001 0000000D 00000002 0000000E 00000100 00000000 00000000 00000000
00000101 009 0F1A500C 00000000 0000000C 00000000 00000000 0000010D 0000001F 00000000 00000000 00000001 0000000D 00000002 0000000E 00000100 00000000 00000000 00000000
00000102 00A 125C9000 00000000 00000000 00000000 00000000 0000010D 0000001F 00000000 00000000 00000001 0000000D 00000002 0000000E 00000100 00000000 00000000 00000000
00000103 00B 12A41001 00000000 00000001 00000000 00000000 0000010D 0000001F 00000000 00000000 00000001 0000000D 00000002 0000000E 00000100 00000000 00000000 00000000
00000104 00C 00991001 00000000 00000001 00000000 00000000 0000010D 0000001F 00000000 00000000 00000001 0000000D 00000002 0000000E 00000100 00000000 00000000 00000000
00000105 00D 0A100005 00000000 00000005 00000000 00000000 0000010D 0000001F 00000000 00000000 00000001 0000000E 00000002 0000000E 00000100 00000000 00000000 00000000
00000106 005 0F19B00E 00000000 0000000E 00000000 00000000 0000010D 0000001F 00000000 00000000 00000001 0000000E 00000002 0000000E 00000100 00000000 00000000 00000000
00000107 00E 00881001 00000000 00000001 00000000 00000000 0000010D 0000001F 00000000 00000000 00000001 0000000E 00000002 0000000E 00000100 00000000 00000000 00000000
00000108 00F 0A100002 00000000 00000002 00000000 00000000 0000010D 0000001F 00000000 00000000 00000002 0000000E 00000002 0000000E 00000100 00000000 00000000 00000000
00000109 002 01B1800F 00000000 0000000F 00000000 00000000 0000010D 0000001F 00000000 00000000 00000002 0000000E 00000002 0000000E 00000100 00000000 00000000 00000000
0000010A 003 0A1B0010 00000000 00000010 00000000 00000000 0000010D 0000001F 00000000 00000000 00000002 0000000E 00000002 0000000D 00000100 00000000 00000000 00000000
0000010B 004 00900000 00000000 00000000 00000000 00000000 0000010D 0000001F 00000000 00000000 00000002 0000000E 00000002 0000000D 00000100 00000000 00000000 00000000
0000010C 005 0F19B00E 00000000 0000000E 00000000 00000000 0000010D 0000001F 00000000 00000000 00000002 00000000 00000002 0000000D 00000100 00000000 00000000 00000000
0000010D 006 11AC9000 00000000 00000000 00000000 00000000 0000010D 0000001F 00000000 00000000 00000002 00000000 00000002 0000000D 00000100 00000000 00000000 00000000
0000010E 007 004C9000 00000000 00000000 00000000 00000000 0000010D 0000001F 00000000 00000000 00000002 00000000 00000063 0000000D 00000100 00000000 00000000 00000000
0000010F 008 11541001 00000000 00000001 00000000 00000000 00000100 0000001F 00000000 00000000 00000002 00000000 00000063 0000000D 00000100 00000000 00000000 00000000
00000110 009 0F1A500C 00000000 0000000C 00000000 00000000 00000100 0000000D 00000000 00000000 00000002 00000000 00000063 0000000D 00000100 00000000 00000000 00000000
00000111 00C 00991001 00000000 00000001 00000000 00000000 00000100 0000000D 00000000 00000000 00000002 00000000 00000063 0000000D 00000100 00000000 00000000 00000000
00000112 00D 0A100005 00000000 00000005 00000000 00000000 00000100 0000000D 00000000 00000000 00000002 00000001 00000063 0000000D 00000100 00000000 00000000 00000000
00000113 005 0F19B00E 00000000 0000000E 00000000 00000000 00000100 0000000D 00000000 00000000 00000002 00000001 00000063 0000000D 00000100 00000000 00000000 00000000
00000114 006 11AC9000 00000000 00000000 00000000 00000000 00000100 0000000D 00000000 00000000 00000002 00000001 00000063 0000000D 00000100 00000000 00000000 00000000
00000115 007 004C9000 00000000 00000000 00000000 00000000 00000100 0000000D 00000000 00000000 00000002 00000001 0000000D 0000000D 00000100 00000000 00000000 00000000
00000116 008 11541001 00000000 00000001 00000000 00000000 00000101 0000000D 00000000 00000000 00000002 00000001 0000000D 0000000D 00000100 00000000 00000000 00000000
00000117 009 0F1A500C 00000000 0000000C 00000000 00000000 00000101 00000037 00000000 00000000 00000002 00000001 0000000D 0000000D 00000100 00000000 00000000 00000000
00000118 00A 125C9000 00000000 00000000 00000000 00000000 00000101 00000037 00000000 00000000 00000002 00000001 0000000D 0000000D 00000100 00000000 00000000 00000000
00000119 00B 12A41001 00000000 00000001 00000000 00000000 00000101 00000037 00000000 00000000 00000002 00000001 0000000D 0000000D 00000100 00000000 00000000 00000000
0000011A 00C 00991001 00000000 00000001 00000000 00000000 00000101 00000037 00000000 00000000 00000002 00000001 0000000D 0000000D 00000100 00000000 00000000 00000000
0000011B 00D 0A100005 00000000 00000005 00000000 00000000 00000101 00000037 00000000 00000000 00000002 00000002 0000000D 0000000D 00000100 00000000 00000000 00000000
0000011C 005 0F19B00E 00000000 0000000E 00000000 00000000 00000101 00000037 00000000 00000000 00000002 00000002 0000000D 0000000D 00000100 00000000 00000000 00000000
0000011D 006 11AC9000 00000000 00000000 00000000 00000000 00000101 00000037 00000000 00000000 00000002 00000002 0000000D 0000000D 00000100 00000000 00000000 00000000
0000011E 007 004C9000 00000000 00000000 00000000 00000000 00000101 00000037 00000000 00000000 00000002 00000002 0000000D 0000000D 00000100 00000000 00000000 00000000
0000011F 008 11541001 00000000 00000001 00000000 00000000 00000102 00000037 00000000 00000000 00000002 00000002 0000000D 0000000D 00000100 00000000 00000000 00000000
00000120 009 0F1A500C 00000000 0000000C 00000000 00000000 00000102 0000002A 00000000 00000000 00000002 00000002 0000000D 0000000D 00000100 00000000 00000000 00000000
00000121 00A 125C9000 00000000 00000000 00000000 00000000 00000102 0000002A 00000000 00000000 00000002 00000002 0000000D 0000000D 00000100 00000000 00000000 00000000
00000122 00B 12A41001 00000000 00000001 00000000 00000000 00000102 0000002A 00000000 00000000 00000002 00000002 0000000D 0000000D 00000100 00000000 00000000 00000000
00000123 00C 00991001 00000000 00000001 00000000 00000000 00000102 0000002A 00000000 00000000 00000002 00000002 0000000D 0000000D 00000100 00000000 00000000 00000000
00000124 00D 0A100005 00000000 00000005 00000000 00000000 00000102 0000002A 00000000 00000000 00000002 00000003 0000000D 0000000D 00000100 00000000 00000000 00000000
00000125 005 0F19B00E 00000000 0000000E 00000000 00000000 00000102 0000002A 00000000 00000000 00000002 00000003 0000000D 0000000D 00000100 00000000 00000000 00000000
00000126 006 11AC9000 00000000 00000000 00000000 00000000 00000102 0000002A 00000000 00000000 00000002 00000003 0000000D 0000000D 00000100 00000000 00000000 00000000
00000127 007 004C9000 00000000 00000000 00000000 00000000 00000102 0000002A 00000000 00000000 00000002 00000003 0000000D 0000000D 00000100 00000000 00000000 00000000
00000128 008 11541001 00000000 00000001 00000000 00000000 00000103 0000002A 00000000 00000000 00000002 00000003 0000000D 0000000D 00000100 00000000 00000000 00000000
00000129 009 0F1A500C 00000000 0000000C 00000000 00000000 00000103 00000011 00000000 00000000 00000002 00000003 0000000D 0000000D 00000100 00000000 00000000 00000000
0000012A 00A 125C9000 00000000 00000000 00000000 00000000 00000103 00000011 00000000 00000000 00000002 00000003 0000000D 0000000D 00000100 00000000 00000000 00000000
0000012B 00B 12A41001 00000000 00000001 00000000 00000000 00000103 00000011 00000000 00000000 00000002 00000003 0000000D 0000000D 00000100 00000000 00000000 00000000
0000012C 00C 00991001 00000000 00000001 00000000 00000000 00000103 00000011 00000000 00000000 00000002 00000003 0000000D 0000000D 00000100 00000000 00000000 00000000
0000012D 00D 0A100005 00000000 00000005 00000000 00000000 00000103 00000011 00000000 00000000 00000002 00000004 0000000D 0000000D 00000100 00000000 00000000 00000000
0000012E 005 0F19B00E 00000000 0000000E 00000000 00000000 00000103 00000011 00000000 00000000 00000002 00000004 0000000D 0000000D 00000100 00000000 00000000 00000000
0000012F 006 11AC9000 00000000 00000000 00000000 00000000 00000103 00000011 00000000 00000000 00000002 00000004 0000000D 0000000D 00000100 00000000 00000000 00000000
00000130 007 004C9000 00000000 00000000 00000000 00000000 00000103 00000011 00000000 00000000 00000002 00000004 0000000D 0000000D 00000100 00000000 00000000 00000000
00000131 008 11541001 00000000 00000001 00000000 00000000 00000104 00000011 00000000 00000000 00000002 00000004 0000000D 0000000D 00000100 00000000 00000000 00000000
00000132 009 0F1A500C 00000000 0000000C 00000000 00000000 00000104 00000011 00000000 00000000 00000002 00000004 0000000D 0000000D 00000100 00000000 00000000 00000000
00000133 00A 125C9000 00000000 00000000 00000000 00000000 00000104 00000011 00000000 00000000 00000002 00000004 0000000D 0000000D 00000100 00000000 00000000 00000000
00000134 00B 12A41001 00000000 00000001 00000000 00000000 00000104 00000011 00000000 00000000 00000002 00000004 0000000D 0000000D 00000100 00000000 00000000 00000000
00000135 00C 00991001 00000000 00000001 00000000 00000000 00000104 00000011 00000000 00000000 00000002 00000004 0000000D 0000000D 00000100 00000000 00000000 00000000
00000136 00D 0A100005 00000000 00000005 00000000 00000000 00000104 00000011 00000000 00000000 00000002 00000005 0000000D 0000000D 00000100 00000000 00000000 00000000
00000137 005 0F19B00E 00000000 0000000E 00000000 00000000 00000104 00000011 00000000 00000000 00000002 00000005 0000000D 0000000D 00000100 00000000 00000000 00000000
00000138 006 11AC9000 00000000 00000000 00000000 00000000 00000104 00000011 00000000 00000000 00000002 00000005 0000000D 0000000D 00000100 00000000 00000000 00000000
00000139 007 004C9000 00000000 00000000 00000000 00000000 00000104 00000011 00000000 00000000 00000002 00000005 0000000D 0000000D 00000100 00000000 00000000 00000000
0000013A 008 11541001 00000000 00000001 00000000 00000000 00000105 00000011 00000000 00000000 00000002 00000005 0000000D 0000000D 00000100 00000000 00000000 00000000
0000013B 009 0F1A500C 00000000 0000000C 00000000 00000000 00000105 00000007 00000000 00000000 00000002 00000005 0000000D 0000000D 00000100 00000000 00000000 00000000
0000013C 00C 00991001 00000000 00000001 00000000 00000000 00000105 00000007 00000000 00000000 00000002 00000005 0000000D 0000000D 00000100 00000000 00000000 00000000
0000013D 00D 0A100005 00000000 00000005 00000000 00000000 00000105 00000007 00000000 00000000 00000002 00000006 0000000D 0000000D 00000100 00000000 00000000 00000000
0000013E 005 0F19B00E 00000000 0000000E 00000000 00000000 00000105 00000007 00000000 00000000 00000002 00000006 0000000D 0000000D 00000100 00000000 00000000 00000000
0000013F 006 11AC9000 00000000 00000000 00000000 00000000 00000105 00000007 00000000 00000000 00000002 00000006 0000000D 0000000D 00000100 00000000 00000000 00000000
00000140 007 004C9000 00000000 00000000 00000000 00000000 00000105 00000007 00000000 00000000 00000002 00000006 00000007 0000000D 00000100 00000000 00000000 00000000
00000141 008 11541001 00000000 00000001 00000000 00000000 00000106 00000007 00000000 00000000 00000002 00000006 00000007 0000000D 00000100 00000000 00000000 00000000
00000142 009 0F1A500C 00000000 0000000C 00000000 00000000 00000106 00000058 00000000 00000000 00000002 00000006 00000007 0000000D 00000100 00000000 00000000 00000000
00000143 00A 125C9000 00000000 00000000 00000000 00000000 00000106 00000058 00000000 00000000 00000002 00000006 00000007 0000000D 00000100 00000000 00000000 00000000
00000144 00B 12A41001 00000000 00000001 00000000 00000000 00000106 00000058 00000000 00000000 00000002 00000006 00000007 0000000D 00000100 00000000 00000000 00000000
00000145 00C 00991001 00000000 00000001 00000000 00000000 00000106 00000058 00000000 00000000 00000002 00000006 00000007 0000000D 00000100 00000000 00000000 00000000
00000146 00D 0A100005 00000000 00000005 00000000 00000000 00000106 00000058 00000000 00000000 00000002 00000007 00000007 0000000D 00000100 00000000 00000000 00000000
00000147 005 0F19B00E 00000000 0000000E 00000000 00000000 00000106 00000058 00000000 00000000 00000002 00000007 00000007 0000000D 00000100 00000000 00000000 00000000
00000148 006 11AC9000 00000000 00000000 00000000 00000000 00000106 00000058 00000000 00000000 00000002 00000007 00000007 0000000D 00000100 00000000 00000000 00000000
00000149 007 004C9000 00000000 00000000 00000000 00000000 00000106 00000058 00000000 00000000 00000002 00000007 00000007 0000000D 00000100 00000000 00000000 00000000
0000014A 008 11541001 00000000 00000001 00000000 00000000 00000107 00000058 00000000 00000000 00000002 00000007 00000007 0000000D 00000100 00000000 00000000 00000000
0000014B 009 0F1A500C 00000000 0000000C 00000000 00000000 00000107 00000005 00000000 00000000 00000002 00000007 00000007 0000000D 00000100 00000000 00000000 00000000
0000014C 00C 00991001 00000000 00000001 00000000 00000000 00000107 00000005 00000000 00000000 00000002 00000007 00000007 0000000D 00000100 00000000 00000000 00000000
0000014D 00D 0A100005 00000000 00000005 00000000 00000000 00000107 00000005 00000000 00000000 00000002 00000008 00000007 0000000D 00000100 00000000 00000000 00000000
0000014E 005 0F19B00E 00000000 0000000E 00000000 00000000 00000107 00000005 00000000 00000000 00000002 00000008 00000007 0000000D 00000100 00000000 00000000 00000000
0000014F 006 11AC9000 00000000 00000000 00000000 00000000 00000107 00000005 00000000 00000000 00000002 00000008 00000007 0000000D 00000100 00000000 00000000 00000000
00000150 007 004C9000 00000000 00000000 00000000 00000000 00000107 00000005 00000000 00000000 00000002 00000008 00000005 0000000D 00000100 00000000 00000000 00000000
00000151 008 11541001 00000000 00000001 00000000 00000000 00000108 00000005 00000000 00000000 00000002 00000008 00000005 0000000D 00000100 00000000 00000000 00000000
00000152 009 0F1A500C 00000000 0000000C 00000000 00000000 00000108 00000040 00000000 00000000 00000002 00000008 00000005 0000000D 00000100 00000000 00000000 00000000
00000153 00A 125C9000 00000000 00000000 00000000 00000000 00000108 00000040 00000000 00000000 00000002 00000008 00000005 0000000D 00000100 00000000 00000000 00000000
00000154 00B 12A41001 00000000 00000001 00000000 00000000 00000108 00000040 00000000 00000000 00000002 00000008 00000005 0000000D 00000100 00000000 00000000 00000000
00000155 00C 00991001 00000000 00000001 00000000 00000000 00000108 00000040 00000000 00000000 00000002 00000008 00000005 0000000D 00000100 00000000 00000000 00000000
00000156 00D 0A100005 00000000 00000005 00000000 00000000 00000108 00000040 00000000 00000000 00000002 00000009 00000005 0000000D 00000100 00000000 00000000 00000000
00000157 005 0F19B00E 00000000 0000000E 00000000 00000000 00000108 00000040 00000000 00000000 00000002 00000009 00000005 0000000D 00000100 00000000 00000000 00000000
00000158 006 11AC9000 00000000 00000000 00000000 00000000 00000108 00000040 00000000 00000000 00000002 00000009 00000005 0000000D 00000100 00000000 00000000 00000000
00000159 007 004C9000 00000000 00000000 00000000 00000000 00000108 00000040 00000000 00000000 00000002 00000009 00000005 0000000D 00000100 00000000 00000000 00000000
0000015A 008 11541001 00000000 00000001 00000000 00000000 00000109 00000040 00000000 00000000 00000002 00000009 00000005 0000000D 00000100 00000000 00000000 00000000
0000015B 009 0F1A500C 00000000 0000000C 00000000 00000000 00000109 00000017 00000000 00000000 00000002 00000009 00000005 0000000D 00000100 00000000 00000000 00000000
0000015C 00A 125C9000 00000000 00000000 00000000 00000000 00000109 00000017 00000000 00000000 00000002 00000009 00000005 0000000D 00000100 00000000 00000000 00000000
0000015D 00B 12A41001 00000000 00000001 00000000 00000000 00000109 00000017 00000000 00000000 00000002 00000009 00000005 0000000D 00000100 00000000 00000000 00000000
0000015E 00C 00991001 00000000 00000001 00000000 00000000 00000109 00000017 00000000 00000000 00000002 00000009 00000005 0000000D 00000100 00000000 00000000 00000000
0000015F 00D 0A100005 00000000 00000005 00000000 00000000 00000109 00000017 00000000 00000000 00000002 0000000A 00000005 0000000D 00000100 00000000 00000000 00000000
00000160 005 0F19B00E 00000000 0000000E 00000000 00000000 00000109 00000017 00000000 00000000 00000002 0000000A 00000005 0000000D 00000100 00000000 00000000 00000000
00000161 006 11AC9000 00000000 00000000 00000000 00000000 00000109 00000017 00000000 00000000 00000002 0000000A 00000005 0000000D 00000100 00000000 00000000 00000000
00000162 007 004C9000 00000000 00000000 00000000 00000000 00000109 00000017 00000000 00000000 00000002 0000000A 00000005 0000000D 00000100 00000000 00000000 00000000
00000163 008 11541001 00000000 00000001 00000000 00000000 0000010A 00000017 00000000 00000000 00000002 0000000A 00000005 0000000D 00000100 00000000 00000000 00000000
00000164 009 0F1A500C 00000000 0000000C 00000000 00000000 0000010A 00000009 00000000 00000000 00000002 0000000A 00000005 0000000D 00000100 00000000 00000000 00000000
00000165 00A 125C9000 00000000 00000000 00000000 00000000 0000010A 00000009 00000000 00000000 00000002 0000000A 00000005 0000000D 00000100 00000000 00000000 00000000
00000166 00B 12A41001 00000000 00000001 00000000 00000000 0000010A 00000009 00000000 00000000 00000002 0000000A 00000005 0000000D 00000100 00000000 00000000 00000000
00000167 00C 00991001 00000000 00000001 00000000 00000000 0000010A 00000009 00000000 00000000 00000002 0000000A 00000005 0000000D 00000100 00000000 00000000 00000000
00000168 00D 0A100005 00000000 00000005 00000000 00000000 0000010A 00000009 00000000 00000000 00000002 0000000B 00000005 0000000D 00000100 00000000 00000000 00000000
00000169 005 0F19B00E 00000000 0000000E 00000000 00000000 0000010A 00000009 00000000 00000000 00000002 0000000B 00000005 0000000D 00000100 00000000 00000000 00000000
0000016A 006 11AC9000 00000000 00000000 00000000 00000000 0000010A 00000009 00000000 00000000 00000002 0000000B 00000005 0000000D 00000100 00000000 00000000 00000000
0000016B 007 004C9000 00000000 00000000 00000000 00000000 0000010A 00000009 00000000 00000000 00000002 0000000B 00000005 0000000D 00000100 00000000 00000000 00000000
0000016C 008 11541001 00000000 00000001 00000000 00000000 0000010B 00000009 00000000 00000000 00000002 0000000B 00000005 0000000D 00000100 00000000 00000000 00000000
0000016D 009 0F1A500C 00000000 0000000C 00000000 00000000 0000010B 00000064 00000000 00000000 00000002 0000000B 00000005 0000000D 00000100 00000000 00000000 00000000
0000016E 00A 125C9000 00000000 00000000 00000000 00000000 0000010B 00000064 00000000 00000000 00000002 0000000B 00000005 0000000D 00000100 00000000 00000000 00000000
0000016F 00B 12A41001 00000000 00000001 00000000 00000000 0000010B 00000064 00000000 00000000 00000002 0000000B 00000005 0000000D 00000100 00000000 00000000 00000000
00000170 00C 00991001 00000000 00000001 00000000 00000000 0000010B 00000064 00000000 00000000 00000002 0000000B 00000005 0000000D 00000100 00000000 00000000 00000000
00000171 00D 0A100005 00000000 00000005 00000000 00000000 0000010B 00000064 00000000 00000000 00000002 0000000C 00000005 0000000D 00000100 00000000 00000000 00000000
00000172 005 0F19B00E 00000000 0000000E 00000000 00000000 0000010B 00000064 00000000 00000000 00000002 0000000C 00000005 0000000D 00000100 00000000 00000000 00000000
00000173 006 11AC9000 00000000 00000000 00000000 00000000 0000010B 00000064 00000000 00000000 00000002 0000000C 00000005 0000000D 00000100 00000000 00000000 00000000
00000174 007 004C9000 00000000 00000000 00000000 00000000 0000010B 00000064 00000000 00000000 00000002 0000000C 00000005 0000000D 00000100 00000000 00000000 00000000
00000175 008 11541001 00000000 00000001 00000000 00000000 0000010C 00000064 00000000 00000000 00000002 0000000C 00000005 0000000D 00000100 00000000 00000000 00000000
00000176 009 0F1A500C 00000000 0000000C 00000000 00000000 0000010C 0000001F 00000000 00000000 00000002 0000000C 00000005 0000000D 00000100 00000000 00000000 00000000
00000177 00A 125C9000 00000000 00000000 00000000 00000000 0000010C 0000001F 00000000 00000000 00000002 0000000C 00000005 0000000D 00000100 00000000 00000000 00000000
00000178 00B 12A41001 00000000 00000001 00000000 00000000 0000010C 0000001F 00000000 00000000 00000002 0000000C 00000005 0000000D 00000100 00000000 00000000 00000000
00000179 00C 00991001 00000000 00000001 00000000 00000000 0000010C 0000001F 00000000 00000000 00000002 0000000C 00000005 0000000D 00000100 00000000 00000000 00000000
0000017A 00D 0A100005 00000000 00000005 00000000 00000000 0000010C 0000001F 00000000 00000000 00000002 0000000D 00000005 0000000D 00000100 00000000 00000000 00000000
0000017B 005 0F19B00E 00000000 0000000E 00000000 00000000 0000010C 0000001F 00000000 00000000 00000002 0000000D 00000005 0000000D 00000100 00000000 00000000 00000000
0000017C 00E 00881001 00000000 00000001 00000000 00000000 0000010C 0000001F 00000000 00000000 00000002 0000000D 00000005 0000000D 00000100 00000000 00000000 00000000
0000017D 00F 0A100002 00000000 00000002 00000000 00000000 0000010C 0000001F 00000000 00000000 00000003 0000000D 00000005 0000000D 00000100 00000000 00000000 00000000
0000017E 002 01B1800F 00000000 0000000F 00000000 00000000 0000010C 0000001F 00000000 00000000 00000003 0000000D 00000005 0000000D 00000100 00000000 00000000 00000000
0000017F 003 0A1B0010 00000000 00000010 00000000 00000000 0000010C 0000001F 00000000 00000000 00000003 0000000D 00000005 0000000C 00000100 00000000 00000000 00000000
00000180 004 00900000 00000000 00000000 00000000 00000000 0000010C 0000001F 00000000 00000000 00000003 0000000D 00000005 0000000C 00000100 00000000 00000000 00000000
00000181 005 0F19B00E 00000000 0000000E 00000000 00000000 0000010C 0000001F 00000000 00000000 00000003 00000000 00000005 0000000C 00000100 00000000 00000000 00000000
00000182 006 11AC9000 00000000 00000000 00000000 00000000 0000010C 0000001F 00000000 00000000 00000003 00000000 00000005 0000000C 00000100 00000000 00000000 00000000
00000183 007 004C9000 00000000 00000000 00000000 00000000 0000010C 0000001F 00000000 00000000 00000003 00000000 00000063 0000000C 00000100 00000000 00000000 00000000
00000184 008 11541001 00000000 00000001 00000000 00000000 00000100 0000001F 00000000 00000000 00000003 00000000 00000063 0000000C 00000100 00000000 00000000 00000000
00000185 009 0F1A500C 00000000 0000000C 00000000 00000000 00000100 00000037 00000000 00000000 00000003 00000000 00000063 0000000C 00000100 00000000 00000000 00000000
00000186 00C 00991001 00000000 00000001 00000000 00000000 00000100 00000037 00000000 00000000 00000003 00000000 00000063 0000000C 00000100 00000000 00000000 00000000
00000187 00D 0A100005 00000000 00000005 00000000 00000000 00000100 00000037 00000000 00000000 00000003 00000001 00000063 0000000C 00000100 00000000 00000000 00000000
00000188 005 0F19B00E 00000000 0000000E 00000000 00000000 00000100 00000037 00000000 00000000 00000003 00000001 00000063 0000000C 00000100 00000000 00000000 00000000
00000189 006 11AC9000 00000000 00000000 00000000 00000000 00000100 00000037 00000000 00000000 00000003 00000001 00000063 0000000C 00000100 00000000 00000000 00000000
0000018A 007 004C9000 00000000 00000000 00000000 00000000 00000100 00000037 00000000 00000000 00000003 00000001 00000037 0000000C 00000100 00000000 00000000 00000000
0000018B 008 11541001 00000000 00000001 00000000 00000000 00000101 00000037 00000000 00000000 00000003 00000001 00000037 0000000C 00000100 00000000 00000000 00000000
0000018C 009 0F1A500C 00000000 0000000C 00000000 00000000 00000101 0000002A 00000000 00000000 00000003 00000001 00000037 0000000C 00000100 00000000 00000000 00000000
0000018D 00C 00991001 00000000 00000001 00000000 00000000 00000101 0000002A 00000000 00000000 00000003 00000001 00000037 0000000C 00000100 00000000 00000000 00000000
0000018E 00D 0A100005 00000000 00000005 00000000 00000000 00000101 0000002A 00000000 00000000 00000003 00000002 00000037 0000000C 00000100 00000000 00000000 00000000
0000018F 005 0F19B00E 00000000 0000000E 00000000 00000000 00000101 0000002A 00000000 00000000 00000003 00000002 00000037 0000000C 00000100 00000000 00000000 00000000
00000190 006 11AC9000 00000000 00000000 00000000 00000000 00000101 0000002A 00000000 00000000 00000003 00000002 00000037 0000000C 00000100 00000000 00000000 00000000
00000191 007 004C9000 00000000 00000000 00000000 00000000 00000101 0000002A 00000000 00000000 00000003 00000002 0000002A 0000000C 00000100 00000000 00000000 00000000
00000192 008 11541001 00000000 00000001 00000000 00000000 00000102 0000002A 00000000 00000000 00000003 00000002 0000002A 0000000C 00000100 00000000 00000000 00000000
00000193 009 0F1A500C 00000000 0000000C 00000000 00000000 00000102 00000011 00000000 00000000 00000003 00000002 0000002A 0000000C 00000100 00000000 00000000 00000000
00000194 00C 00991001 00000000 00000001 00000000 00000000 00000102 00000011 00000000 00000000 00000003 00000002 0000002A 0000000C 00000100 00000000 00000000 00000000
00000195 00D 0A100005 00000000 00000005 00000000 00000000 00000102 00000011 00000000 00000000 00000003 00000003 0000002A 0000000C 00000100 00000000 00000000 00000000
00000196 005 0F19B00E 00000000 0000000E 00000000 00000000 00000102 00000011 00000000 00000000 00000003 00000003 0000002A 0000000C 00000100 00000000 00000000 00000000
00000197 006 11AC9000 00000000 00000000 00000000 00000000 00000102 00000011 00000000 00000000 00000003 00000003 0000002A 0000000C 00000100 00000000 00000000 00000000
00000198 007 004C9000 00000000 00000000 00000000 00000000 00000102 00000011 00000000 00000000 00000003 00000003 00000011 0000000C 00000100 00000000 00000000 00000000
00000199 008 11541001 00000000 00000001 00000000 00000000 00000103 00000011 00000000 00000000 00000003 00000003 00000011 0000000C 00000100 00000000 00000000 00000000
0000019A 009 0F1A500C 00000000 0000000C 00000000 00000000 00000103 00000011 00000000 00000000 00000003 00000003 00000011 0000000C 00000100 00000000 00000000 00000000
0000019B 00C 00991001 00000000 00000001 00000000 00000000 00000103 00000011 00000000 00000000 00000003 00000003 00000011 0000000C 00000100 00000000 00000000 00000000
0000019C 00D 0A100005 00000000 00000005 00000000 00000000 00000103 00000011 00000000 00000000 00000003 00000004 00000011 0000000C 00000100 00000000 00000000 00000000
0000019D 005 0F19B00E 00000000 0000000E 00000000 00000000 00000103 00000011 00000000 00000000 00000003 00000004 00000011 0000000C 00000100 00000000 00000000 00000000
0000019E 006 11AC9000 00000000 00000000 00000000 00000000 00000103 00000011 00000000 00000000 00000003 00000004 00000011 0000000C 00000100 00000000 00000000 00000000
0000019F 007 004C9000 00000000 00000000 00000000 00000000 00000103 00000011 00000000 00000000 00000003 00000004 00000011 0000000C 00000100 00000000 00000000 00000000
000001A0 008 11541001 00000000 00000001 00000000 00000000 00000104 00000011 00000000 00000000 00000003 00000004 00000011 0000000C 00000100 00000000 00000000 00000000
000001A1 009 0F1A500C 00000000 0000000C 00000000 00000000 00000104 0000000D 00000000 00000000 00000003 00000004 00000011 0000000C 00000100 00000000 00000000 00000000
000001A2 00C 00991001 00000000 00000001 00000000 00000000 00000104 0000000D 00000000 00000000 00000003 00000004 00000011 0000000C 00000100 00000000 00000000 00000000
000001A3 00D 0A100005 00000000 00000005 00000000 00000000 00000104 0000000D 00000000 00000000 00000003 00000005 00000011 0000000C 00000100 00000000 00000000 00000000
000001A4 005 0F19B00E 00000000 0000000E 00000000 00000000 00000104 0000000D 00000000 00000000 00000003 00000005 00000011 0000000C 00000100 00000000 00000000 00000000
000001A5 006 11AC9000 00000000 00000000 00000000 00000000 00000104 0000000D 00000000 00000000 00000003 00000005 00000011 0000000C 00000100 00000000 00000000 00000000
000001A6 007 004C9000 00000000 00000000 00000000 00000000 00000104 0000000D 00000000 00000000 00000003 00000005 0000000D 0000000C 00000100 00000000 00000000 00000000
000001A7 008 11541001 00000000 00000001 00000000 00000000 00000105 0000000D 00000000 00000000 00000003 00000005 0000000D 0000000C 00000100 00000000 00000000 00000000
000001A8 009 0F1A500C 00000000 0000000C 00000000 00000000 00000105 00000058 00000000 00000000 00000003 00000005 0000000D 0000000C 00000100 00000000 00000000 00000000
000001A9 00A 125C9000 00000000 00000000 00000000 00000000 00000105 00000058 00000000 00000000 00000003 00000005 0000000D 0000000C 00000100 00000000 00000000 00000000
000001AA 00B 12A41001 00000000 00000001 00000000 00000000 00000105 00000058 00000000 00000000 00000003 00000005 0000000D 0000000C 00000100 00000000 00000000 00000000
000001AB 00C 00991001 00000000 00000001 00000000 00000000 00000105 00000058 00000000 00000000 00000003 00000005 0000000D 0000000C 00000100 00000000 00000000 00000000
000001AC 00D 0A100005 00000000 00000005 00000000 00000000 00000105 00000058 00000000 00000000 00000003 00000006 0000000D 0000000C 00000100 00000000 00000000 00000000
000001AD 005 0F19B00E 00000000 0000000E 00000000 00000000 00000105 00000058 00000000 00000000 00000003 00000006 0000000D 0000000C 00000100 00000000 00000000 00000000
000001AE 006 11AC9000 00000000 00000000 00000000 00000000 00000105 00000058 00000000 00000000 00000003 00000006 0000000D 0000000C 00000100 00000000 00000000 00000000
000001AF 007 004C9000 00000000 00000000 00000000 00000000 00000105 00000058 00000000 00000000 00000003 00000006 0000000D 0000000C 00000100 00000000 00000000 00000000
000001B0 008 11541001 00000000 00000001 00000000 00000000 00000106 00000058 00000000 00000000 00000003 00000006 0000000D 0000000C 00000100 00000000 00000000 00000000
000001B1 009 0F1A500C 00000000 0000000C 00000000 00000000 00000106 00000007 00000000 00000000 00000003 00000006 0000000D 0000000C 00000100 00000000 00000000 00000000
000001B2 00C 00991001 00000000 00000001 00000000 00000000 00000106 00000007 00000000 00000000 00000003 00000006 0000000D 0000000C 00000100 00000000 00000000 00000000
000001B3 00D 0A100005 00000000 00000005 00000000 00000000 00000106 00000007 00000000 00000000 00000003 00000007 0000000D 0000000C 00000100 00000000 00000000 00000000
000001B4 005 0F19B00E 00000000 0000000E 00000000 00000000 00000106 00000007 00000000 00000000 00000003 00000007 0000000D 0000000C 00000100 00000000 00000000 00000000
000001B5 006 11AC9000 00000000 00000000 00000000 00000000 00000106 00000007 00000000 00000000 00000003 00000007 0000000D 0000000C 00000100 00000000 00000000 00000000
000001B6 007 004C9000 00000000 00000000 00000000 00000000 00000106 00000007 00000000 00000000 00000003 00000007 00000007 0000000C 00000100 00000000 00000000 00000000
000001B7 008 11541001 00000000 00000001 00000000 00000000 00000107 00000007 00000000 00000000 00000003 00000007 00000007 0000000C 00000100 00000000 00000000 00000000
000001B8 009 0F1A500C 00000000 0000000C 00000000 00000000 00000107 00000040 00000000 00000000 00000003 00000007 00000007 0000000C 00000100 00000000 00000000 00000000
000001B9 00A 125C9000 00000000 00000000 00000000 00000000 00000107 00000040 00000000 00000000 00000003 00000007 00000007 0000000C 00000100 00000000 00000000 00000000
000001BA 00B 12A41001 00000000 00000001 00000000 00000000 00000107 00000040 00000000 00000000 00000003 00000007 00000007 0000000C 00000100 00000000 00000000 00000000
000001BB 00C 00991001 00000000 00000001 00000000 00000000 00000107 00000040 00000000 00000000 00000003 00000007 00000007 0000000C 00000100 00000000 00000000 00000000
000001BC 00D 0A100005 00000000 00000005 00000000 00000000 00000107 00000040 00000000 00000000 00000003 00000008 00000007 0000000C 00000100 00000000 00000000 00000000
000001BD 005 0F19B00E 00000000 0000000E 00000000 00000000 00000107 00000040 00000000 00000000 00000003 00000008 00000007 0000000C 00000100 00000000 00000000 00000000
000001BE 006 11AC9000 00000000 00000000 00000000 00000000 00000107 00000040 00000000 00000000 00000003 00000008 00000007 0000000C 00000100 00000000 00000000 00000000
000001BF 007 004C9000 00000000 00000000 00000000 00000000 00000107 00000040 00000000 00000000 00000003 00000008 00000007 0000000C 00000100 00000000 00000000 00000000
000001C0 008 11541001 00000000 00000001 00000000 00000000 00000108 00000040 00000000 00000000 00000003 00000008 00000007 0000000C 00000100 00000000 00000000 00000000
000001C1 009 0F1A500C 00000000 0000000C 00000000 00000000 00000108 00000017 00000000 00000000 00000003 00000008 00000007 0000000C 00000100 00000000 00000000 00000000
000001C2 00A 125C9000 00000000 00000000 00000000 00000000 00000108 00000017 00000000 00000000 00000003 00000008 00000007 0000000C 00000100 00000000 00000000 00000000
000001C3 00B 12A41001 00000000 00000001 00000000 00000000 00000108 00000017 00000000 00000000 00000003 00000008 00000007 0000000C 00000100 00000000 00000000 00000000
000001C4 00C 00991001 00000000 00000001 00000000 00000000 00000108 00000017 00000000 00000000 00000003 00000008 00000007 0000000C 00000100 00000000 00000000 00000000
000001C5 00D 0A100005 00000000 00000005 00000000 00000000 00000108 00000017 00000000 00000000 00000003 00000009 00000007 0000000C 00000100 00000000 00000000 00000000
000001C6 005 0F19B00E 00000000 0000000E 00000000 00000000 00000108 00000017 00000000 00000000 00000003 00000009 00000007 0000000C 00000100 00000000 00000000 00000000
000001C7 006 11AC9000 00000000 00000000 00000000 00000000 00000108 00000017 00000000 00000000 00000003 00000009 00000007 0000000C 00000100 00000000 00000000 00000000
000001C8 007 004C9000 00000000 00000000 00000000 00000000 00000108 00000017 00000000 00000000 00000003 00000009 00000007 0000000C 00000100 00000000 00000000 00000000
000001C9 008 11541001 00000000 00000001 00000000 00000000 00000109 00000017 00000000 00000000 00000003 00000009 00000007 0000000C 00000100 00000000 00000000 00000000
000001CA 009 0F1A500C 00000000 0000000C 00000000 00000000 00000109 00000009 00000000 00000000 00000003 00000009 00000007 0000000C 00000100 00000000 00000000 00000000
000001CB 00A 125C9000 00000000 00000000 00000000 00000000 00000109 00000009 00000000 00000000 00000003 00000009 00000007 0000000C 00000100 00000000 00000000 00000000
000001CC 00B 12A41001 00000000 00000001 00000000 00000000 00000109 00000009 00000000 00000000 00000003 00000009 00000007 0000000C 00000100 00000000 00000000 00000000
000001CD 00C 00991001 00000000 00000001 00000000 00000000 00000109 00000009 00000000 00000000 00000003 00000009 00000007 0000000C 00000100 00000000 00000000 00000000
000001CE 00D 0A100005 00000000 00000005 00000000 00000000 00000109 00000009 00000000 00000000 00000003 0000000A 00000007 0000000C 00000100 00000000 00000000 00000000
000001CF 005 0F19B00E 00000000 0000000E 00000000 00000000 00000109 00000009 00000000 00000000 00000003 0000000A 00000007 0000000C 00000100 00000000 00000000 00000000
000001D0 006 11AC9000 00000000 00000000 00000000 00000000 00000109 00000009 00000000 00000000 00000003 0000000A 00000007 0000000C 00000100 00000000 00000000 00000000
000001D1 007 004C9000 00000000 00000000 00000000 00000000 00000109 00000009 00000000 00000000 00000003 0000000A 00000007 0000000C 00000100 00000000 00000000 00000000
000001D2 008 11541001 00000000 00000001 00000000 00000000 0000010A 00000009 00000000 00000000 00000003 0000000A 00000007 0000000C 00000100 00000000 00000000 00000000
000001D3 009 0F1A500C 00000000 0000000C 00000000 00000000 0000010A 00000064 00000000 00000000 00000003 0000000A 00000007 0000000C 00000100 00000000 00000000 00000000
000001D4 00A 125C9000 00000000 00000000 00000000 00000000 0000010A 00000064 00000000 00000000 00000003 0000000A 00000007 0000000C 00000100 00000000 00000000 00000000
000001D5 00B 12A41001 00000000 00000001 00000000 00000000 0000010A 00000064 00000000 00000000 00000003 0000000A 00000007 0000000C 00000100 00000000 00000000 00000000
000001D6 00C 00991001 00000000 00000001 00000000 00000000 0000010A 00000064 00000000 00000000 00000003 0000000A 00000007 0000000C 00000100 00000000 00000000 00000000
000001D7 00D 0A100005 00000000 00000005 00000000 00000000 0000010A 00000064 00000000 00000000 00000003 0000000B 00000007 0000000C 00000100 00000000 00000000 00000000
000001D8 005 0F19B00E 00000000 0000000E 00000000 00000000 0000010A 00000064 00000000 00000000 00000003 0000000B 00000007 0000000C 00000100 00000000 00000000 00000000
000001D9 006 11AC9000 00000000 00000000 00000000 00000000 0000010A 00000064 00000000 00000000 00000003 0000000B 00000007 0000000C 00000100 00000000 00000000 00000000
000001DA 007 004C9000 00000000 00000000 00000000 00000000 0000010A 00000064 00000000 00000000 00000003 0000000B 00000007 0000000C 00000100 00000000 00000000 00000000
000001DB 008 11541001 00000000 00000001 00000000 00000000 0000010B 00000064 00000000 00000000 00000003 0000000B 00000007 0000000C 00000100 00000000 00000000 00000000
000001DC 009 0F1A500C 00000000 0000000C 00000000 00000000 0000010B 0000001F 00000000 00000000 00000003 0000000B 00000007 0000000C 00000100 00000000 00000000 00000000
000001DD 00A 125C9000 00000000 00000000 00000000 00000000 0000010B 0000001F 00000000 00000000 00000003 0000000B 00000007 0000000C 00000100 00000000 00000000 00000000
000001DE 00B 12A41001 00000000 00000001 00000000 00000000 0000010B 0000001F 00000000 00000000 00000003 0000000B 00000007 0000000C 00000100 00000000 00000000 00000000
000001DF 00C 00991001 00000000 00000001 00000000 00000000 0000010B 0000001F 00000000 00000000 00000003 0000000B 00000007 0000000C 00000100 00000000 00000000 00000000
000001E0 00D 0A100005 00000000 00000005 00000000 00000000 0000010B 0000001F 00000000 00000000 00000003 0000000C 00000007 0000000C 00000100 00000000 00000000 00000000
000001E1 005 0F19B00E 00000000 0000000E 00000000 00000000 0000010B 0000001F 00000000 00000000 00000003 0000000C 00000007 0000000C 00000100 00000000 00000000 00000000
000001E2 00E 00881001 00000000 00000001 00000000 00000000 0000010B 0000001F 00000000 00000000 00000003 0000000C 00000007 0000000C 00000100 00000000 00000000 00000000
000001E3 00F 0A100002 00000000 00000002 00000000 00000000 0000010B 0000001F 00000000 00000000 00000004 0000000C 00000007 0000000C 00000100 00000000 00000000 00000000
000001E4 002 01B1800F 00000000 0000000F 00000000 00000000 0000010B 0000001F 00000000 00000000 00000004 0000000C 00000007 0000000C 00000100 00000000 00000000 00000000
000001E5 003 0A1B0010 00000000 00000010 00000000 00000000 0000010B 0000001F 00000000 00000000 00000004 0000000C 00000007 0000000B 00000100 00000000 00000000 00000000
000001E6 004 00900000 00000000 00000000 00000000 00000000 0000010B 0000001F 00000000 00000000 00000004 0000000C 00000007 0000000B 00000100 00000000 00000000 00000000
000001E7 005 0F19B00E 00000000 0000000E 00000000 00000000 0000010B 0000001F 00000000 00000000 00000004 00000000 00000007 0000000B 00000100 00000000 00000000 00000000
000001E8 006 11AC9000 00000000 00000000 00000000 00000000 0000010B 0000001F 00000000 00000000 00000004 00000000 00000007 0000000B 00000100 00000000 00000000 00000000
000001E9 007 004C9000 00000000 00000000 00000000 00000000 0000010B 0000001F 00000000 00000000 00000004 00000000 00000063 0000000B 00000100 00000000 00000000 00000000
000001EA 008 11541001 00000000 00000001 00000000 00000000 00000100 0000001F 00000000 00000000 00000004 00000000 00000063 0000000B 00000100 00000000 00000000 00000000
000001EB 009 0F1A500C 00000000 0000000C 00000000 00000000 00000100 00000037 00000000 00000000 00000004 00000000 00000063 0000000B 00000100 00000000 00000000 00000000
000001EC 00C 00991001 00000000 00000001 00000000 00000000 00000100 00000037 00000000 00000000 00000004 00000000 00000063 0000000B 00000100 00000000 00000000 00000000
000001ED 00D 0A100005 00000000 00000005 00000000 00000000 00000100 00000037 00000000 00000000 00000004 00000001 00000063 0000000B 00000100 00000000 00000000 00000000
000001EE 005 0F19B00E 00000000 0000000E 00000000 00000000 00000100 00000037 00000000 00000000 00000004 00000001 00000063 0000000B 00000100 00000000 00000000 00000000
000001EF 006 11AC9000 00000000 00000000 00000000 00000000 00000100 00000037 00000000 00000000 00000004 00000001 00000063 0000000B 00000100 00000000 00000000 00000000
000001F0 007 004C9000 00000000 00000000 00000000 00000000 00000100 00000037 00000000 00000000 00000004 00000001 00000037 0000000B 00000100 00000000 00000000 00000000
000001F1 008 11541001 00000000 00000001 00000000 00000000 00000101 00000037 00000000 00000000 00000004 00000001 00000037 0000000B 00000100 00000000 00000000 00000000
000001F2 009 0F1A500C 00000000 0000000C 00000000 00000000 00000101 0000002A 00000000 00000000 00000004 00000001 00000037 0000000B 00000100 00000000 00000000 00000000
000001F3 00C 00991001 00000000 00000001 00000000 00000000 00000101 0000002A 00000000 00000000 00000004 00000001 00000037 0000000B 00000100 00000000 00000000 00000000
000001F4 00D 0A100005 00000000 00000005 00000000 00000000 00000101 0000002A 00000000 00000000 00000004 00000002 00000037 0000000B 00000100 00000000 00000000 00000000
000001F5 005 0F19B00E 00000000 0000000E 00000000 00000000 00000101 0000002A 00000000 00000000 00000004 00000002 00000037 0000000B 00000100 00000000 00000000 00000000
000001F6 006 11AC9000 00000000 00000000 00000000 00000000 00000101 0000002A 00000000 00000000 00000004 00000002 00000037 0000000B 00000100 00000000 00000000 00000000
000001F7 007 004C9000 00000000 00000000 00000000 00000000 00000101 0000002A 00000000 00000000 00000004 00000002 0000002A 0000000B 00000100 00000000 00000000 00000000
000001F8 008 11541001 00000000 00000001 00000000 00000000 00000102 0000002A 00000000 00000000 00000004 00000002 0000002A 0000000B 00000100 00000000 00000000 00000000
000001F9 009 0F1A500C 00000000 0000000C 00000000 00000000 00000102 00000011 00000000 00000000 00000004 00000002 0000002A 0000000B 00000100 00000000 00000000 00000000
000001FA 00C 00991001 00000000 00000001 00000000 00000000 00000102 00000011 00000000 00000000 00000004 00000002 0000002A 0000000B 00000100 00000000 00000000 00000000
000001FB 00D 0A100005 00000000 00000005 00000000 00000000 00000102 00000011 00000000 00000000 00000004 00000003 0000002A 0000000B 00000100 00000000 00000000 00000000
000001FC 005 0F19B00E 00000000 0000000E 00000000 00000000 00000102 00000011 00000000 00000000 00000004 00000003 0000002A 0000000B 00000100 00000000 00000000 00000000
000001FD 006 11AC9000 00000000 00000000 00000000 00000000 00000102 00000011 00000000 00000000 00000004 00000003 0000002A 0000000B 00000100 00000000 00000000 00000000
000001FE 007 004C9000 00000000 00000000 00000000 00000000 00000102 00000011 00000000 00000000 00000004 00000003 00000011 0000000B 00000100 00000000 00000000 00000000
000001FF 008 11541001 00000000 00000001 00000000 00000000 00000103 00000011 00000000 00000000 00000004 00000003 00000011 0000000B 00000100 00000000 00000000 00000000
00000200 009 0F1A500C 00000000 0000000C 00000000 00000000 00000103 00000011 00000000 00000000 00000004 00000003 00000011 0000000B 00000100 00000000 00000000 00000000
00000201 00C 00991001 00000000 00000001 00000000 00000000 00000103 00000011 00000000 00000000 00000004 00000003 00000011 0000000B 00000100 00000000 00000000 00000000
00000202 00D 0A100005 00000000 00000005 00000000 00000000 00000103 00000011 00000000 00000000 00000004 00000004 00000011 0000000B 00000100 00000000 00000000 00000000
00000203 005 0F19B00E 00000000 0000000E 00000000 00000000 00000103 00000011 00000000 00000000 00000004 00000004 00000011 0000000B 00000100 00000000 00000000 00000000
00000204 006 11AC9000 00000000 00000000 00000000 00000000 00000103 00000011 00000000 00000000 00000004 00000004 00000011 0000000B 00000100 00000000 00000000 00000000
00000205 007 004C9000 00000000 00000000 00000000 00000000 00000103 00000011 00000000 00000000 00000004 00000004 00000011 0000000B 00000100 00000000 00000000 00000000
00000206 008 11541001 00000000 00000001 00000000 00000000 00000104 00000011 00000000 00000000 00000004 00000004 00000011 0000000B 00000100 00000000 00000000 00000000
00000207 009 0F1A500C 00000000 0000000C 00000000 00000000 00000104 00000058 00000000 00000000 00000004 00000004 00000011 0000000B 00000100 00000000 00000000 00000000
00000208 00A 125C9000 00000000 00000000 00000000 00000000 00000104 00000058 00000000 00000000 00000004 00000004 00000011 0000000B 00000100 00000000 00000000 00000000
00000209 00B 12A41001 00000000 00000001 00000000 00000000 00000104 00000058 00000000 00000000 00000004 00000004 00000011 0000000B 00000100 00000000 00000000 00000000
0000020A 00C 00991001 00000000 00000001 00000000 00000000 00000104 00000058 00000000 00000000 00000004 00000004 00000011 0000000B 00000100 00000000 00000000 00000000
0000020B 00D 0A100005 00000000 00000005 00000000 00000000 00000104 00000058 00000000 00000000 00000004 00000005 00000011 0000000B 00000100 00000000 00000000 00000000
0000020C 005 0F19B00E 00000000 0000000E 00000000 00000000 00000104 00000058 00000000 00000000 00000004 00000005 00000011 0000000B 00000100 00000000 00000000 00000000
0000020D 006 11AC9000 00000000 00000000 00000000 00000000 00000104 00000058 00000000 00000000 00000004 00000005 00000011 0000000B 00000100 00000000 00000000 00000000
0000020E 007 004C9000 00000000 00000000 00000000 00000000 00000104 00000058 00000000 00000000 00000004 00000005 00000011 0000000B 00000100 00000000 00000000 00000000
0000020F 008 11541001 00000000 00000001 00000000 00000000 00000105 00000058 00000000 00000000 00000004 00000005 00000011 0000000B 00000100 00000000 00000000 00000000
00000210 009 0F1A500C 00000000 0000000C 00000000 00000000 00000105 0000000D 00000000 00000000 00000004 00000005 00000011 0000000B 00000100 00000000 00000000 00000000
00000211 00C 00991001 00000000 00000001 00000000 00000000 00000105 0000000D 00000000 00000000 00000004 00000005 00000011 0000000B 00000100 00000000 00000000 00000000
00000212 00D 0A100005 00000000 00000005 00000000 00000000 00000105 0000000D 00000000 00000000 00000004 00000006 00000011 0000000B 00000100 00000000 00000000 00000000
00000213 005 0F19B00E 00000000 0000000E 00000000 00000000 00000105 0000000D 00000000 00000000 00000004 00000006 00000011 0000000B 00000100 00000000 00000000 00000000
00000214 006 11AC9000 00000000 00000000 00000000 00000000 00000105 0000000D 00000000 00000000 00000004 00000006 00000011 0000000B 00000100 00000000 00000000 00000000
00000215 007 004C9000 00000000 00000000 00000000 00000000 00000105 0000000D 00000000 00000000 00000004 00000006 0000000D 0000000B 00000100 00000000 00000000 00000000
00000216 008 11541001 00000000 00000001 00000000 00000000 00000106 0000000D 00000000 00000000 00000004 00000006 0000000D 0000000B 00000100 00000000 00000000 00000000
00000217 009 0F1A500C 00000000 0000000C 00000000 00000000 00000106 00000040 00000000 00000000 00000004 00000006 0000000D 0000000B 00000100 00000000 00000000 00000000
00000218 00A 125C9000 00000000 00000000 00000000 00000000 00000106 00000040 00000000 00000000 00000004 00000006 0000000D 0000000B 00000100 00000000 00000000 00000000
00000219 00B 12A41001 00000000 00000001 00000000 00000000 00000106 00000040 00000000 00000000 00000004 00000006 0000000D 0000000B 00000100 00000000 00000000 00000000
0000021A 00C 00991001 00000000 00000001 00000000 00000000 00000106 00000040 00000000 00000000 00000004 00000006 0000000D 0000000B 00000100 00000000 00000000 00000000
0000021B 00D 0A100005 00000000 00000005 00000000 00000000 00000106 00000040 00000000 00000000 00000004 00000007 0000000D 0000000B 00000100 00000000 00000000 00000000
0000021C 005 0F19B00E 00000000 0000000E 00000000 00000000 00000106 00000040 00000000 00000000 00000004 00000007 0000000D 0000000B 00000100 00000000 00000000 00000000
0000021D 006 11AC9000 00000000 00000000 00000000 00000000 00000106 00000040 00000000 00000000 00000004 00000007 0000000D 0000000B 00000100 00000000 00000000 00000000
0000021E 007 004C9000 00000000 00000000 00000000 00000000 00000106 00000040 00000000 00000000 00000004 00000007 0000000D 0000000B 00000100 00000000 00000000 00000000
0000021F 008 11541001 00000000 00000001 00000000 00000000 00000107 00000040 00000000 00000000 00000004 00000007 0000000D 0000000B 00000100 00000000 00000000 00000000
00000220 009 0F1A500C 00000000 0000000C 00000000 00000000 00000107 00000017 00000000 00000000 00000004 00000007 0000000D 0000000B 00000100 00000000 00000000 00000000
00000221 00A 125C9000 00000000 00000000 00000000 00000000 00000107 00000017 00000000 00000000 00000004 00000007 0000000D 0000000B 00000100 00000000 00000000 00000000
00000222 00B 12A41001 00000000 00000001 00000000 00000000 00000107 00000017 00000000 00000000 00000004 00000007 0000000D 0000000B 00000100 00000000 00000000 00000000
00000223 00C 00991001 00000000 00000001 00000000 00000000 00000107 00000017 00000000 00000000 00000004 00000007 0000000D 0000000B 00000100 00000000 00000000 00000000
00000224 00D 0A100005 00000000 00000005 00000000 00000000 00000107 00000017 00000000 00000000 00000004 00000008 0000000D 0000000B 00000100 00000000 00000000 00000000
00000225 005 0F19B00E 00000000 0000000E 00000000 00000000 00000107 00000017 00000000 00000000 00000004 00000008 0000000D 0000000B 00000100 00000000 00000000 00000000
00000226 006 11AC9000 00000000 00000000 00000000 00000000 00000107 00000017 00000000 00000000 00000004 00000008 0000000D 0000000B 00000100 00000000 00000000 00000000
00000227 007 004C9000 00000000 00000000 00000000 00000000 00000107 00000017 00000000 00000000 00000004 00000008 0000000D 0000000B 00000100 00000000 00000000 00000000
00000228 008 11541001 00000000 00000001 00000000 00000000 00000108 00000017 00000000 00000000 00000004 00000008 0000000D 0000000B 00000100 00000000 00000000 00000000
00000229 009 0F1A500C 00000000 0000000C 00000000 00000000 00000108 00000009 00000000 00000000 00000004 00000008 0000000D 0000000B 00000100 00000000 00000000 00000000
0000022A 00C 00991001 00000000 00000001 00000000 00000000 00000108 00000009 00000000 00000000 00000004 00000008 0000000D 0000000B 00000100 00000000 00000000 00000000
0000022B 00D 0A100005 00000000 00000005 00000000 00000000 00000108 00000009 00000000 00000000 00000004 00000009 0000000D 0000000B 00000100 00000000 00000000 00000000
0000022C 005 0F19B00E 00000000 0000000E 00000000 00000000 00000108 00000009 00000000 00000000 00000004 00000009 0000000D 0000000B 00000100 00000000 00000000 00000000
0000022D 006 11AC9000 00000000 00000000 00000000 00000000 00000108 00000009 00000000 00000000 00000004 00000009 0000000D 0000000B 00000100 00000000 00000000 00000000
0000022E 007 004C9000 00000000 00000000 00000000 00000000 00000108 00000009 00000000 00000000 00000004 00000009 00000009 0000000B 00000100 00000000 00000000 00000000
0000022F 008 11541001 00000000 00000001 00000000 00000000 00000109 00000009 00000000 00000000 00000004 00000009 00000009 0000000B 00000100 00000000 00000000 00000000
00000230 009 0F1A500C 00000000 0000000C 00000000 00000000 00000109 00000064 00000000 00000000 00000004 00000009 00000009 0000000B 00000100 00000000 00000000 00000000
00000231 00A 125C9000 00000000 00000000 00000000 00000000 00000109 00000064 00000000 00000000 00000004 00000009 00000009 0000000B 00000100 00000000 00000000 00000000
00000232 00B 12A41001 00000000 00000001 00000000 00000000 00000109 00000064 00000000 00000000 00000004 00000009 00000009 0000000B 00000100 00000000 00000000 00000000
00000233 00C 00991001 00000000 00000001 00000000 00000000 00000109 00000064 00000000 00000000 00000004 00000009 00000009 0000000B 00000100 00000000 00000000 00000000
00000234 00D 0A100005 00000000 00000005 00000000 00000000 00000109 00000064 00000000 00000000 00000004 0000000A 00000009 0000000B 00000100 00000000 00000000 00000000
00000235 005 0F19B00E 00000000 0000000E 00000000 00000000 00000109 00000064 00000000 00000000 00000004 0000000A 00000009 0000000B 00000100 00000000 00000000 00000000
00000236 006 11AC9000 00000000 00000000 00000000 00000000 00000109 00000064 00000000 00000000 00000004 0000000A 00000009 0000000B 00000100 00000000 00000000 00000000
00000237 007 004C9000 00000000 00000000 00000000 00000000 00000109 00000064 00000000 00000000 00000004 0000000A 00000009 0000000B 00000100 00000000 00000000 00000000
00000238 008 11541001 00000000 00000001 00000000 00000000 0000010A 00000064 00000000 00000000 00000004 0000000A 00000009 0000000B 00000100 00000000 00000000 00000000
00000239 009 0F1A500C 00000000 0000000C 00000000 00000000 0000010A 0000001F 00000000 00000000 00000004 0000000A 00000009 0000000B 00000100 00000000 00000000 00000000
0000023A 00A 125C9000 00000000 00000000 00000000 00000000 0000010A 0000001F 00000000 00000000 00000004 0000000A 00000009 0000000B 00000100 00000000 00000000 00000000
0000023B 00B 12A41001 00000000 00000001 00000000 00000000 0000010A 0000001F 00000000 00000000 00000004 0000000A 00000009 0000000B 00000100 00000000 00000000 00000000
0000023C 00C 00991001 00000000 00000001 00000000 00000000 0000010A 0000001F 00000000 00000000 00000004 0000000A 00000009 0000000B 00000100 00000000 00000000 00000000
0000023D 00D 0A100005 00000000 00000005 00000000 00000000 0000010A 0000001F 00000000 00000000 00000004 0000000B 00000009 0000000B 00000100 00000000 00000000 00000000
0000023E 005 0F19B00E 00000000 0000000E 00000000 00000000 0000010A 0000001F 00000000 00000000 00000004 0000000B 00000009 0000000B 00000100 00000000 00000000 00000000
0000023F 00E 00881001 00000000 00000001 00000000 00000000 0000010A 0000001F 00000000 00000000 00000004 0000000B 00000009 0000000B 00000100 00000000 00000000 00000000
00000240 00F 0A100002 00000000 00000002 00000000 00000000 0000010A 0000001F 00000000 00000000 00000005 0000000B 00000009 0000000B 00000100 00000000 00000000 00000000
00000241 002 01B1800F 00000000 0000000F 00000000 00000000 0000010A 0000001F 00000000 00000000 00000005 0000000B 00000009 0000000B 00000100 00000000 00000000 00000000
00000242 003 0A1B0010 00000000 00000010 00000000 00000000 0000010A 0000001F 00000000 00000000 00000005 0000000B 00000009 0000000A 00000100 00000000 00000000 00000000
00000243 004 00900000 00000000 00000000 00000000 00000000 0000010A 0000001F 00000000 00000000 00000005 0000000B 00000009 0000000A 00000100 00000000 00000000 00000000
00000244 005 0F19B00E 00000000 0000000E 00000000 00000000 0000010A 0000001F 00000000 00000000 00000005 00000000 00000009 0000000A 00000100 00000000 00000000 00000000
00000245 006 11AC9000 00000000 00000000 00000000 00000000 0000010A 0000001F 00000000 00000000 00000005 00000000 00000009 0000000A 00000100 00000000 00000000 00000000
00000246 007 004C9000 00000000 00000000 00000000 00000000 0000010A 0000001F 00000000 00000000 00000005 00000000 00000063 0000000A 00000100 00000000 00000000 00000000
00000247 008 11541001 00000000 00000001 00000000 00000000 00000100 0000001F 00000000 00000000 00000005 00000000 00000063 0000000A 00000100 00000000 00000000 00000000
00000248 009 0F1A500C 00000000 0000000C 00000000 00000000 00000100 00000037 00000000 00000000 00000005 00000000 00000063 0000000A 00000100 00000000 00000000 00000000
00000249 00C 00991001 00000000 00000001 00000000 00000000 00000100 00000037 00000000 00000000 00000005 00000000 00000063 0000000A 00000100 00000000 00000000 00000000
0000024A 00D 0A100005 00000000 00000005 00000000 00000000 00000100 00000037 00000000 00000000 00000005 00000001 00000063 0000000A 00000100 00000000 00000000 00000000
0000024B 005 0F19B00E 00000000 0000000E 00000000 00000000 00000100 00000037 00000000 00000000 00000005 00000001 00000063 0000000A 00000100 00000000 00000000 00000000
0000024C 006 11AC9000 00000000 00000000 00000000 00000000 00000100 00000037 00000000 00000000 00000005 00000001 00000063 0000000A 00000100 00000000 00000000 00000000
0000024D 007 004C9000 00000000 00000000 00000000 00000000 00000100 00000037 00000000 00000000 00000005 00000001 00000037 0000000A 00000100 00000000 00000000 00000000
0000024E 008 11541001 00000000 00000001 00000000 00000000 00000101 00000037 00000000 00000000 00000005 00000001 00000037 0000000A 00000100 00000000 00000000 00000000
0000024F 009 0F1A500C 00000000 0000000C 00000000 00000000 00000101 0000002A 00000000 00000000 00000005 00000001 00000037 0000000A 00000100 00000000 00000000 00000000
00000250 00C 00991001 00000000 00000001 00000000 00000000 00000101 0000002A 00000000 00000000 00000005 00000001 00000037 0000000A 00000100 00000000 00000000 00000000
00000251 00D 0A100005 00000000 00000005 00000000 00000000 00000101 0000002A 00000000 00000000 00000005 00000002 00000037 0000000A 00000100 00000000 00000000 00000000
00000252 005 0F19B00E 00000000 0000000E 00000000 00000000 00000101 0000002A 00000000 00000000 00000005 00000002 00000037 0000000A 00000100 00000000 00000000 00000000
00000253 006 11AC9000 00000000 00000000 00000000 00000000 00000101 0000002A 00000000 00000000 00000005 00000002 00000037 0000000A 00000100 00000000 00000000 00000000
00000254 007 004C9000 00000000 00000000 00000000 00000000 00000101 0000002A 00000000 00000000 00000005 00000002 0000002A 0000000A 00000100 00000000 00000000 00000000
00000255 008 11541001 00000000 00000001 00000000 00000000 00000102 0000002A 00000000 00000000 00000005 00000002 0000002A 0000000A 00000100 00000000 00000000 00000000
00000256 009 0F1A500C 00000000 0000000C 00000000 00000000 00000102 00000011 00000000 00000000 00000005 00000002 0000002A 0000000A 00000100 00000000 00000000 00000000
00000257 00C 00991001 00000000 00000001 00000000 00000000 00000102 00000011 00000000 00000000 00000005 00000002 0000002A 0000000A 00000100 00000000 00000000 00000000
00000258 00D 0A100005 00000000 00000005 00000000 00000000 00000102 00000011 00000000 00000000 00000005 00000003 0000002A 0000000A 00000100 00000000 00000000 00000000
00000259 005 0F19B00E 00000000 0000000E 00000000 00000000 00000102 00000011 00000000 00000000 00000005 00000003 0000002A 0000000A 00000100 00000000 00000000 00000000
0000025A 006 11AC9000 00000000 00000000 00000000 00000000 00000102 00000011 00000000 00000000 00000005 00000003 0000002A 0000000A 00000100 00000000 00000000 00000000
0000025B 007 004C9000 00000000 00000000 00000000 00000000 00000102 00000011 00000000 00000000 00000005 00000003 00000011 0000000A 00000100 00000000 00000000 00000000
0000025C 008 11541001 00000000 00000001 00000000 00000000 00000103 00000011 00000000 00000000 00000005 00000003 00000011 0000000A 00000100 00000000 00000000 00000000
0000025D 009 0F1A500C 00000000 0000000C 00000000 00000000 00000103 00000058 00000000 00000000 00000005 00000003 00000011 0000000A 00000100 00000000 00000000 00000000
0000025E 00A 125C9000 00000000 00000000 00000000 00000000 00000103 00000058 00000000 00000000 00000005 00000003 00000011 0000000A 00000100 00000000 00000000 00000000
0000025F 00B 12A41001 00000000 00000001 00000000 00000000 00000103 00000058 00000000 00000000 00000005 00000003 00000011 0000000A 00000100 00000000 00000000 00000000
00000260 00C 00991001 00000000 00000001 00000000 00000000 00000103 00000058 00000000 00000000 00000005 00000003 00000011 0000000A 00000100 00000000 00000000 00000000
00000261 00D 0A100005 00000000 00000005 00000000 00000000 00000103 00000058 00000000 00000000 00000005 00000004 00000011 0000000A 00000100 00000000 00000000 00000000
00000262 005 0F19B00E 00000000 0000000E 00000000 00000000 00000103 00000058 00000000 00000000 00000005 00000004 00000011 0000000A 00000100 00000000 00000000 00000000
00000263 006 11AC9000 00000000 00000000 00000000 00000000 00000103 00000058 00000000 00000000 00000005 00000004 00000011 0000000A 00000100 00000000 00000000 00000000
00000264 007 004C9000 00000000 00000000 00000000 00000000 00000103 00000058 00000000 00000000 00000005 00000004 00000011 0000000A 00000100 00000000 00000000 00000000
00000265 008 11541001 00000000 00000001 00000000 00000000 00000104 00000058 00000000 00000000 00000005 00000004 00000011 0000000A 00000100 00000000 00000000 00000000
00000266 009 0F1A500C 00000000 0000000C 00000000 00000000 00000104 00000011 00000000 00000000 00000005 00000004 00000011 0000000A 00000100 00000000 00000000 00000000
00000267 00C 00991001 00000000 00000001 00000000 00000000 00000104 00000011 00000000 00000000 00000005 00000004 00000011 0000000A 00000100 00000000 00000000 00000000
00000268 00D 0A100005 00000000 00000005 00000000 00000000 00000104 00000011 00000000 00000000 00000005 00000005 00000011 0000000A 00000100 00000000 00000000 00000000
00000269 005 0F19B00E 00000000 0000000E 00000000 00000000 00000104 00000011 00000000 00000000 00000005 00000005 00000011 0000000A 00000100 00000000 00000000 00000000
0000026A 006 11AC9000 00000000 00000000 00000000 00000000 00000104 00000011 00000000 00000000 00000005 00000005 00000011 0000000A 00000100 00000000 00000000 00000000
0000026B 007 004C9000 00000000 00000000 00000000 00000000 00000104 00000011 00000000 00000000 00000005 00000005 00000011 0000000A 00000100 00000000 00000000 00000000
0000026C 008 11541001 00000000 00000001 00000000 00000000 00000105 00000011 00000000 00000000 00000005 00000005 00000011 0000000A 00000100 00000000 00000000 00000000
0000026D 009 0F1A500C 00000000 0000000C 00000000 00000000 00000105 00000040 00000000 00000000 00000005 00000005 00000011 0000000A 00000100 00000000 00000000 00000000
0000026E 00A 125C9000 00000000 00000000 00000000 00000000 00000105 00000040 00000000 00000000 00000005 00000005 00000011 0000000A 00000100 00000000 00000000 00000000
0000026F 00B 12A41001 00000000 00000001 00000000 00000000 00000105 00000040 00000000 00000000 00000005 00000005 00000011 0000000A 00000100 00000000 00000000 00000000
00000270 00C 00991001 00000000 00000001 00000000 00000000 00000105 00000040 00000000 00000000 00000005 00000005 00000011 0000000A 00000100 00000000 00000000 00000000
00000271 00D 0A100005 00000000 00000005 00000000 00000000 00000105 00000040 00000000 00000000 00000005 00000006 00000011 0000000A 00000100 00000000 00000000 00000000
00000272 005 0F19B00E 00000000 0000000E 00000000 00000000 00000105 00000040 00000000 00000000 00000005 00000006 00000011 0000000A 00000100 00000000 00000000 00000000
00000273 006 11AC9000 00000000 00000000 00000000 00000000 00000105 00000040 00000000 00000000 00000005 00000006 00000011 0000000A 00000100 00000000 00000000 00000000
00000274 007 004C9000 00000000 00000000 00000000 00000000 00000105 00000040 00000000 00000000 00000005 00000006 00000011 0000000A 00000100 00000000 00000000 00000000
00000275 008 11541001 00000000 00000001 00000000 00000000 00000106 00000040 00000000 00000000 00000005 00000006 00000011 0000000A 00000100 00000000 00000000 00000000
00000276 009 0F1A500C 00000000 0000000C 00000000 00000000 00000106 00000017 00000000 00000000 00000005 00000006 00000011 0000000A 00000100 00000000 00000000 00000000
00000277 00A 125C9000 00000000 00000000 00000000 00000000 00000106 00000017 00000000 00000000 00000005 00000006 00000011 0000000A 00000100 00000000 00000000 00000000
00000278 00B 12A41001 00000000 00000001 00000000 00000000 00000106 00000017 00000000 00000000 00000005 00000006 00000011 0000000A 00000100 00000000 00000000 00000000
00000279 00C 00991001 00000000 00000001 00000000 00000000 00000106 00000017 00000000 00000000 00000005 00000006 00000011 0000000A 00000100 00000000 00000000 00000000
0000027A 00D 0A100005 00000000 00000005 00000000 00000000 00000106 00000017 00000000 00000000 00000005 00000007 00000011 0000000A 00000100 00000000 00000000 00000000
0000027B 005 0F19B00E 00000000 0000000E 00000000 00000000 00000106 00000017 00000000 00000000 00000005 00000007 00000011 0000000A 00000100 00000000 00000000 00000000
0000027C 006 11AC9000 00000000 00000000 00000000 00000000 00000106 00000017 00000000 00000000 00000005 00000007 00000011 0000000A 00000100 00000000 00000000 00000000
0000027D 007 004C9000 00000000 00000000 00000000 00000000 00000106 00000017 00000000 00000000 00000005 00000007 00000011 0000000A 00000100 00000000 00000000 00000000
0000027E 008 11541001 00000000 00000001 00000000 00000000 00000107 00000017 00000000 00000000 00000005 00000007 00000011 0000000A 00000100 00000000 00000000 00000000
0000027F 009 0F1A500C 00000000 0000000C 00000000 00000000 00000107 0000000D 00000000 00000000 00000005 00000007 00000011 0000000A 00000100 00000000 00000000 00000000
00000280 00C 00991001 00000000 00000001 00000000 00000000 00000107 0000000D 00000000 00000000 00000005 00000007 00000011 0000000A 00000100 00000000 00000000 00000000
00000281 00D 0A100005 00000000 00000005 00000000 00000000 00000107 0000000D 00000000 00000000 00000005 00000008 00000011 0000000A 00000100 00000000 00000000 00000000
00000282 005 0F19B00E 00000000 0000000E 00000000 00000000 00000107 0000000D 00000000 00000000 00000005 00000008 00000011 0000000A 00000100 00000000 00000000 00000000
00000283 006 11AC9000 00000000 00000000 00000000 00000000 00000107 0000000D 00000000 00000000 00000005 00000008 00000011 0000000A 00000100 00000000 00000000 00000000
00000284 007 004C9000 00000000 00000000 00000000 00000000 00000107 0000000D 00000000 00000000 00000005 00000008 0000000D 0000000A 00000100 00000000 00000000 00000000
00000285 008 11541001 00000000 00000001 00000000 00000000 00000108 0000000D 00000000 00000000 00000005 00000008 0000000D 0000000A 00000100 00000000 00000000 00000000
00000286 009 0F1A500C 00000000 0000000C 00000000 00000000 00000108 00000064 00000000 00000000 00000005 00000008 0000000D 0000000A 00000100 00000000 00000000 00000000
00000287 00A 125C9000 00000000 00000000 00000000 00000000 00000108 00000064 00000000 00000000 00000005 00000008 0000000D 0000000A 00000100 00000000 00000000 00000000
00000288 00B 12A41001 00000000 00000001 00000000 00000000 00000108 00000064 00000000 00000000 00000005 00000008 0000000D 0000000A 00000100 00000000 00000000 00000000
00000289 00C 00991001 00000000 00000001 00000000 00000000 00000108 00000064 00000000 00000000 00000005 00000008 0000000D 0000000A 00000100 00000000 00000000 00000000
0000028A 00D 0A100005 00000000 00000005 00000000 00000000 00000108 00000064 00000000 00000000 00000005 00000009 0000000D 0000000A 00000100 00000000 00000000 00000000
0000028B 005 0F19B00E 00000000 0000000E 00000000 00000000 00000108 00000064 00000000 00000000 00000005 00000009 0000000D 0000000A 00000100 00000000 00000000 00000000
0000028C 006 11AC9000 00000000 00000000 00000000 00000000 00000108 00000064 00000000 00000000 00000005 00000009 0000000D 0000000A 00000100 00000000 00000000 00000000
0000028D 007 004C9000 00000000 00000000 00000000 00000000 00000108 00000064 00000000 00000000 00000005 00000009 0000000D 0000000A 00000100 00000000 00000000 00000000
0000028E 008 11541001 00000000 00000001 00000000 00000000 00000109 00000064 00000000 00000000 00000005 00000009 0000000D 0000000A 00000100 00000000 00000000 00000000
0000028F 009 0F1A500C 00000000 0000000C 00000000 00000000 00000109 0000001F 00000000 00000000 00000005 00000009 0000000D 0000000A 00000100 00000000 00000000 00000000
00000290 00A 125C9000 00000000 00000000 00000000 00000000 00000109 0000001F 00000000 00000000 00000005 00000009 0000000D 0000000A 00000100 00000000 00000000 00000000
00000291 00B 12A41001 00000000 00000001 00000000 00000000 00000109 0000001F 00000000 00000000 00000005 00000009 0000000D 0000000A 00000100 00000000 00000000 00000000
00000292 00C 00991001 00000000 00000001 00000000 00000000 00000109 0000001F 00000000 00000000 00000005 00000009 0000000D 0000000A 00000100 00000000 00000000 00000000
00000293 00D 0A100005 00000000 00000005 00000000 00000000 00000109 0000001F 00000000 00000000 00000005 0000000A 0000000D 0000000A 00000100 00000000 00000000 00000000
00000294 005 0F19B00E 00000000 0000000E 00000000 00000000 00000109 0000001F 00000000 00000000 00000005 0000000A 0000000D 0000000A 00000100 00000000 00000000 00000000
00000295 00E 00881001 00000000 00000001 00000000 00000000 00000109 0000001F 00000000 00000000 00000005 0000000A 0000000D 0000000A 00000100 00000000 00000000 00000000
00000296 00F 0A100002 00000000 00000002 00000000 00000000 00000109 0000001F 00000000 00000000 00000006 0000000A 0000000D 0000000A 00000100 00000000 00000000 00000000
00000297 002 01B1800F 00000000 0000000F 00000000 00000000 00000109 0000001F 00000000 00000000 00000006 0000000A 0000000D 0000000A 00000100 00000000 00000000 00000000
00000298 003 0A1B0010 00000000 00000010 00000000 00000000 00000109 0000001F 00000000 00000000 00000006 0000000A 0000000D 00000009 00000100 00000000 00000000 00000000
00000299 004 00900000 00000000 00000000 00000000 00000000 00000109 0000001F 00000000 00000000 00000006 0000000A 0000000D 00000009 00000100 00000000 00000000 00000000
0000029A 005 0F19B00E 00000000 0000000E 00000000 00000000 00000109 0000001F 00000000 00000000 00000006 00000000 0000000D 00000009 00000100 00000000 00000000 00000000
0000029B 006 11AC9000 00000000 00000000 00000000 00000000 00000109 0000001F 00000000 00000000 00000006 00000000 0000000D 00000009 00000100 00000000 00000000 00000000
0000029C 007 004C9000 00000000 00000000 00000000 00000000 00000109 0000001F 00000000 00000000 00000006 00000000 00000063 00000009 00000100 00000000 00000000 00000000
0000029D 008 11541001 00000000 00000001 00000000 00000000 00000100 0000001F 00000000 00000000 00000006 00000000 00000063 00000009 00000100 00000000 00000000 00000000
0000029E 009 0F1A500C 00000000 0000000C 00000000 00000000 00000100 00000037 00000000 00000000 00000006 00000000 00000063 00000009 00000100 00000000 00000000 00000000
0000029F 00C 00991001 00000000 00000001 00000000 00000000 00000100 00000037 00000000 00000000 00000006 00000000 00000063 00000009 00000100 00000000 00000000 00000000
000002A0 00D 0A100005 00000000 00000005 00000000 00000000 00000100 00000037 00000000 00000000 00000006 00000001 00000063 00000009 00000100 00000000 00000000 00000000
000002A1 005 0F19B00E 00000000 0000000E 00000000 00000000 00000100 00000037 00000000 00000000 00000006 00000001 00000063 00000009 00000100 00000000 00000000 00000000
000002A2 006 11AC9000 00000000 00000000 00000000 00000000 00000100 00000037 00000000 00000000 00000006 00000001 00000063 00000009 00000100 00000000 00000000 00000000
000002A3 007 004C9000 00000000 00000000 00000000 00000000 00000100 00000037 00000000 00000000 00000006 00000001 00000037 00000009 00000100 00000000 00000000 00000000
000002A4 008 11541001 00000000 00000001 00000000 00000000 00000101 00000037 00000000 00000000 00000006 00000001 00000037 00000009 00000100 00000000 00000000 00000000
000002A5 009 0F1A500C 00000000 0000000C 00000000 00000000 00000101 0000002A 00000000 00000000 00000006 00000001 00000037 00000009 00000100 00000000 00000000 00000000
000002A6 00C 00991001 00000000 00000001 00000000 00000000 00000101 0000002A 00000000 00000000 00000006 00000001 00000037 00000009 00000100 00000000 00000000 00000000
000002A7 00D 0A100005 00000000 00000005 00000000 00000000 00000101 0000002A 00000000 00000000 00000006 00000002 00000037 00000009 00000100 00000000 00000000 00000000
000002A8 005 0F19B00E 00000000 0000000E 00000000 00000000 00000101 0000002A 00000000 00000000 00000006 00000002 00000037 00000009 00000100 00000000 00000000 00000000
000002A9 006 11AC9000 00000000 00000000 00000000 00000000 00000101 0000002A 00000000 00000000 00000006 00000002 00000037 00000009 00000100 00000000 00000000 00000000
000002AA 007 004C9000 00000000 00000000 00000000 00000000 00000101 0000002A 00000000 00000000 00000006 00000002 0000002A 00000009 00000100 00000000 00000000 00000000
000002AB 008 11541001 00000000 00000001 00000000 00000000 00000102 0000002A 00000000 00000000 00000006 00000002 0000002A 00000009 00000100 00000000 00000000 00000000
000002AC 009 0F1A500C 00000000 0000000C 00000000 00000000 00000102 00000058 00000000 00000000 00000006 00000002 0000002A 00000009 00000100 00000000 00000000 00000000
000002AD 00A 125C9000 00000000 00000000 00000000 00000000 00000102 00000058 00000000 00000000 00000006 00000002 0000002A 00000009 00000100 00000000 00000000 00000000
000002AE 00B 12A41001 00000000 00000001 00000000 00000000 00000102 00000058 00000000 00000000 00000006 00000002 0000002A 00000009 00000100 00000000 00000000 00000000
000002AF 00C 00991001 00000000 00000001 00000000 00000000 00000102 00000058 00000000 00000000 00000006 00000002 0000002A 00000009 00000100 00000000 00000000 00000000
000002B0 00D 0A100005 00000000 00000005 00000000 00000000 00000102 00000058 00000000 00000000 00000006 00000003 0000002A 00000009 00000100 00000000 00000000 00000000
000002B1 005 0F19B00E 00000000 0000000E 00000000 00000000 00000102 00000058 00000000 00000000 00000006 00000003 0000002A 00000009 00000100 00000000 00000000 00000000
000002B2 006 11AC9000 00000000 00000000 00000000 00000000 00000102 00000058 00000000 00000000 00000006 00000003 0000002A 00000009 00000100 00000000 00000000 00000000
000002B3 007 004C9000 00000000 00000000 00000000 00000000 00000102 00000058 00000000 00000000 00000006 00000003 0000002A 00000009 00000100 00000000 00000000 00000000
000002B4 008 11541001 00000000 00000001 00000000 00000000 00000103 00000058 00000000 00000000 00000006 00000003 0000002A 00000009 00000100 00000000 00000000 00000000
000002B5 009 0F1A500C 00000000 0000000C 00000000 00000000 00000103 00000011 00000000 00000000 00000006 00000003 0000002A 00000009 00000100 00000000 00000000 00000000
000002B6 00C 00991001 00000000 00000001 00000000 00000000 00000103 00000011 00000000 00000000 00000006 00000003 0000002A 00000009 00000100 00000000 00000000 00000000
000002B7 00D 0A100005 00000000 00000005 00000000 00000000 00000103 00000011 00000000 00000000 00000006 00000004 0000002A 00000009 00000100 00000000 00000000 00000000
000002B8 005 0F19B00E 00000000 0000000E 00000000 00000000 00000103 00000011 00000000 00000000 00000006 00000004 0000002A 00000009 00000100 00000000 00000000 00000000
000002B9 006 11AC9000 00000000 00000000 00000000 00000000 00000103 00000011 00000000 00000000 00000006 00000004 0000002A 00000009 00000100 00000000 00000000 00000000
000002BA 007 004C9000 00000000 00000000 00000000 00000000 00000103 00000011 00000000 00000000 00000006 00000004 00000011 00000009 00000100 00000000 00000000 00000000
000002BB 008 11541001 00000000 00000001 00000000 00000000 00000104 00000011 00000000 00000000 00000006 00000004 00000011 00000009 00000100 00000000 00000000 00000000
000002BC 009 0F1A500C 00000000 0000000C 00000000 00000000 00000104 00000040 00000000 00000000 00000006 00000004 00000011 00000009 00000100 00000000 00000000 00000000
000002BD 00A 125C9000 00000000 00000000 00000000 00000000 00000104 00000040 00000000 00000000 00000006 00000004 00000011 00000009 00000100 00000000 00000000 00000000
000002BE 00B 12A41001 00000000 00000001 00000000 00000000 00000104 00000040 00000000 00000000 00000006 00000004 00000011 00000009 00000100 00000000 00000000 00000000
000002BF 00C 00991001 00000000 00000001 00000000 00000000 00000104 00000040 00000000 00000000 00000006 00000004 00000011 00000009 00000100 00000000 00000000 00000000
000002C0 00D 0A100005 00000000 00000005 00000000 00000000 00000104 00000040 00000000 00000000 00000006 00000005 00000011 00000009 00000100 00000000 00000000 00000000
000002C1 005 0F19B00E 00000000 0000000E 00000000 00000000 00000104 00000040 00000000 00000000 00000006 00000005 00000011 00000009 00000100 00000000 00000000 00000000
000002C2 006 11AC9000 00000000 00000000 00000000 00000000 00000104 00000040 00000000 00000000 00000006 00000005 00000011 00000009 00000100 00000000 00000000 00000000
000002C3 007 004C9000 00000000 00000000 00000000 00000000 00000104 00000040 00000000 00000000 00000006 00000005 00000011 00000009 00000100 00000000 00000000 00000000
000002C4 008 11541001 00000000 00000001 00000000 00000000 00000105 00000040 00000000 00000000 00000006 00000005 00000011 00000009 00000100 00000000 00000000 00000000
000002C5 009 0F1A500C 00000000 0000000C 00000000 00000000 00000105 00000017 00000000 00000000 00000006 00000005 00000011 00000009 00000100 00000000 00000000 00000000
000002C6 00A 125C9000 00000000 00000000 00000000 00000000 00000105 00000017 00000000 00000000 00000006 00000005 00000011 00000009 00000100 00000000 00000000 00000000
000002C7 00B 12A41001 00000000 00000001 00000000 00000000 00000105 00000017 00000000 00000000 00000006 00000005 00000011 00000009 00000100 00000000 00000000 00000000
000002C8 00C 00991001 00000000 00000001 00000000 00000000 00000105 00000017 00000000 00000000 00000006 00000005 00000011 00000009 00000100 00000000 00000000 00000000
000002C9 00D 0A100005 00000000 00000005 00000000 00000000 00000105 00000017 00000000 00000000 00000006 00000006 00000011 00000009 00000100 00000000 00000000 00000000
000002CA 005 0F19B00E 00000000 0000000E 00000000 00000000 00000105 00000017 00000000 00000000 00000006 00000006 00000011 00000009 00000100 00000000 00000000 00000000
000002CB 006 11AC9000 00000000 00000000 00000000 00000000 00000105 00000017 00000000 00000000 00000006 00000006 00000011 00000009 00000100 00000000 00000000 00000000
000002CC 007 004C9000 00000000 00000000 00000000 00000000 00000105 00000017 00000000 00000000 00000006 00000006 00000011 00000009 00000100 00000000 00000000 00000000
000002CD 008 11541001 00000000 00000001 00000000 00000000 00000106 00000017 00000000 00000000 00000006 00000006 00000011 00000009 00000100 00000000 00000000 00000000
000002CE 009 0F1A500C 00000000 0000000C 00000000 00000000 00000106 00000011 00000000 00000000 00000006 00000006 00000011 00000009 00000100 00000000 00000000 00000000
000002CF 00C 00991001 00000000 00000001 00000000 00000000 00000106 00000011 00000000 00000000 00000006 00000006 00000011 00000009 00000100 00000000 00000000 00000000
000002D0 00D 0A100005 00000000 00000005 00000000 00000000 00000106 00000011 00000000 00000000 00000006 00000007 00000011 00000009 00000100 00000000 00000000 00000000
000002D1 005 0F19B00E 00000000 0000000E 00000000 00000000 00000106 00000011 00000000 00000000 00000006 00000007 00000011 00000009 00000100 00000000 00000000 00000000
000002D2 006 11AC9000 00000000 00000000 00000000 00000000 00000106 00000011 00000000 00000000 00000006 00000007 00000011 00000009 00000100 00000000 00000000 00000000
000002D3 007 004C9000 00000000 00000000 00000000 00000000 00000106 00000011 00000000 00000000 00000006 00000007 00000011 00000009 00000100 00000000 00000000 00000000
000002D4 008 11541001 00000000 00000001 00000000 00000000 00000107 00000011 00000000 00000000 00000006 00000007 00000011 00000009 00000100 00000000 00000000 00000000
000002D5 009 0F1A500C 00000000 0000000C 00000000 00000000 00000107 00000064 00000000 00000000 00000006 00000007 00000011 00000009 00000100 00000000 00000000 00000000
000002D6 00A 125C9000 00000000 00000000 00000000 00000000 00000107 00000064 00000000 00000000 00000006 00000007 00000011 00000009 00000100 00000000 00000000 00000000
000002D7 00B 12A41001 00000000 00000001 00000000 00000000 00000107 00000064 00000000 00000000 00000006 00000007 00000011 00000009 00000100 00000000 00000000 00000000
000002D8 00C 00991001 00000000 00000001 00000000 00000000 00000107 00000064 00000000 00000000 00000006 00000007 00000011 00000009 00000100 00000000 00000000 00000000
000002D9 00D 0A100005 00000000 00000005 00000000 00000000 00000107 00000064 00000000 00000000 00000006 00000008 00000011 00000009 00000100 00000000 00000000 00000000
000002DA 005 0F19B00E 00000000 0000000E 00000000 00000000 00000107 00000064 00000000 00000000 00000006 00000008 00000011 00000009 00000100 00000000 00000000 00000000
000002DB 006 11AC9000 00000000 00000000 00000000 00000000 00000107 00000064 00000000 00000000 00000006 00000008 00000011 00000009 00000100 00000000 00000000 00000000
000002DC 007 004C9000 00000000 00000000 00000000 00000000 00000107 00000064 00000000 00000000 00000006 00000008 00000011 00000009 00000100 00000000 00000000 00000000
000002DD 008 11541001 00000000 00000001 00000000 00000000 00000108 00000064 00000000 00000000 00000006 00000008 00000011 00000009 00000100 00000000 00000000 00000000
000002DE 009 0F1A500C 00000000 0000000C 00000000 00000000 00000108 0000001F 00000000 00000000 00000006 00000008 00000011 00000009 00000100 00000000 00000000 00000000
000002DF 00A 125C9000 00000000 00000000 00000000 00000000 00000108 0000001F 00000000 00000000 00000006 00000008 00000011 00000009 00000100 00000000 00000000 00000000
000002E0 00B 12A41001 00000000 00000001 00000000 00000000 00000108 0000001F 00000000 00000000 00000006 00000008 00000011 00000009 00000100 00000000 00000000 00000000
000002E1 00C 00991001 00000000 00000001 00000000 00000000 00000108 0000001F 00000000 00000000 00000006 00000008 00000011 00000009 00000100 00000000 00000000 00000000
000002E2 00D 0A100005 00000000 00000005 00000000 00000000 00000108 0000001F 00000000 00000000 00000006 00000009 00000011 00000009 00000100 00000000 00000000 00000000
000002E3 005 0F19B00E 00000000 0000000E 00000000 00000000 00000108 0000001F 00000000 00000000 00000006 00000009 00000011 00000009 00000100 00000000 00000000 00000000
000002E4 00E 00881001 00000000 00000001 00000000 00000000 00000108 0000001F 00000000 00000000 00000006 00000009 00000011 00000009 00000100 00000000 00000000 00000000
000002E5 00F 0A100002 00000000 00000002 00000000 00000000 00000108 0000001F 00000000 00000000 00000007 00000009 00000011 00000009 00000100 00000000 00000000 00000000
000002E6 002 01B1800F 00000000 0000000F 00000000 00000000 00000108 0000001F 00000000 00000000 00000007 00000009 00000011 00000009 00000100 00000000 00000000 00000000
000002E7 003 0A1B0010 00000000 00000010 00000000 00000000 00000108 0000001F 00000000 00000000 00000007 00000009 00000011 00000008 00000100 00000000 00000000 00000000
000002E8 004 00900000 00000000 00000000 00000000 00000000 00000108 0000001F 00000000 00000000 00000007 00000009 00000011 00000008 00000100 00000000 00000000 00000000
000002E9 005 0F19B00E 00000000 0000000E 00000000 00000000 00000108 0000001F 00000000 00000000 00000007 00000000 00000011 00000008 00000100 00000000 00000000 00000000
000002EA 006 11AC9000 00000000 00000000 00000000 00000000 00000108 0000001F 00000000 00000000 00000007 00000000 00000011 00000008 00000100 00000000 00000000 00000000
000002EB 007 004C9000 00000000 00000000 00000000 00000000 00000108 0000001F 00000000 00000000 00000007 00000000 00000063 00000008 00000100 00000000 00000000 00000000
000002EC 008 11541001 00000000 00000001 00000000 00000000 00000100 0000001F 00000000 00000000 00000007 00000000 00000063 00000008 00000100 00000000 00000000 00000000
000002ED 009 0F1A500C 00000000 0000000C 00000000 00000000 00000100 00000037 00000000 00000000 00000007 00000000 00000063 00000008 00000100 00000000 00000000 00000000
000002EE 00C 00991001 00000000 00000001 00000000 00000000 00000100 00000037 00000000 00000000 00000007 00000000 00000063 00000008 00000100 00000000 00000000 00000000
000002EF 00D 0A100005 00000000 00000005 00000000 00000000 00000100 00000037 00000000 00000000 00000007 00000001 00000063 00000008 00000100 00000000 00000000 00000000
000002F0 005 0F19B00E 00000000 0000000E 00000000 00000000 00000100 00000037 00000000 00000000 00000007 00000001 00000063 00000008 00000100 00000000 00000000 00000000
000002F1 006 11AC9000 00000000 00000000 00000000 00000000 00000100 00000037 00000000 00000000 00000007 00000001 00000063 00000008 00000100 00000000 00000000 00000000
000002F2 007 004C9000 00000000 00000000 00000000 00000000 00000100 00000037 00000000 00000000 00000007 00000001 00000037 00000008 00000100 00000000 00000000 00000000
000002F3 008 11541001 00000000 00000001 00000000 00000000 00000101 00000037 00000000 00000000 00000007 00000001 00000037 00000008 00000100 00000000 00000000 00000000
000002F4 009 0F1A500C 00000000 0000000C 00000000 00000000 00000101 00000058 00000000 00000000 00000007 00000001 00000037 00000008 00000100 00000000 00000000 00000000
000002F5 00A 125C9000 00000000 00000000 00000000 00000000 00000101 00000058 00000000 00000000 00000007 00000001 00000037 00000008 00000100 00000000 00000000 00000000
000002F6 00B 12A41001 00000000 00000001 00000000 00000000 00000101 00000058 00000000 00000000 00000007 00000001 00000037 00000008 00000100 00000000 00000000 00000000
000002F7 00C 00991001 00000000 00000001 00000000 00000000 00000101 00000058 00000000 00000000 00000007 00000001 00000037 00000008 00000100 00000000 00000000 00000000
000002F8 00D 0A100005 00000000 00000005 00000000 00000000 00000101 00000058 00000000 00000000 00000007 00000002 00000037 00000008 00000100 00000000 00000000 00000000
000002F9 005 0F19B00E 00000000 0000000E 00000000 00000000 00000101 00000058 00000000 00000000 00000007 00000002 00000037 00000008 00000100 00000000 00000000 00000000
000002FA 006 11AC9000 00000000 00000000 00000000 00000000 00000101 00000058 00000000 00000000 00000007 00000002 00000037 00000008 00000100 00000000 00000000 00000000
000002FB 007 004C9000 00000000 00000000 00000000 00000000 00000101 00000058 00000000 00000000 00000007 00000002 00000037 00000008 00000100 00000000 00000000 00000000
000002FC 008 11541001 00000000 00000001 00000000 00000000 00000102 00000058 00000000 00000000 00000007 00000002 00000037 00000008 00000100 00000000 00000000 00000000
000002FD 009 0F1A500C 00000000 0000000C 00000000 00000000 00000102 0000002A 00000000 00000000 00000007 00000002 00000037 00000008 00000100 00000000 00000000 00000000
000002FE 00C 00991001 00000000 00000001 00000000 00000000 00000102 0000002A 00000000 00000000 00000007 00000002 00000037 00000008 00000100 00000000 00000000 00000000
000002FF 00D 0A100005 00000000 00000005 00000000 00000000 00000102 0000002A 00000000 00000000 00000007 00000003 00000037 00000008 00000100 00000000 00000000 00000000
00000300 005 0F19B00E 00000000 0000000E 00000000 00000000 00000102 0000002A 00000000 00000000 00000007 00000003 00000037 00000008 00000100 00000000 00000000 00000000
00000301 006 11AC9000 00000000 00000000 00000000 00000000 00000102 0000002A 00000000 00000000 00000007 00000003 00000037 00000008 00000100 00000000 00000000 00000000
00000302 007 004C9000 00000000 00000000 00000000 00000000 00000102 0000002A 00000000 00000000 00000007 00000003 0000002A 00000008 00000100 00000000 00000000 00000000
00000303 008 11541001 00000000 00000001 00000000 00000000 00000103 0000002A 00000000 00000000 00000007 00000003 0000002A 00000008 00000100 00000000 00000000 00000000
00000304 009 0F1A500C 00000000 0000000C 00000000 00000000 00000103 00000040 00000000 00000000 00000007 00000003 0000002A 00000008 00000100 00000000 00000000 00000000
00000305 00A 125C9000 00000000 00000000 00000000 00000000 00000103 00000040 00000000 00000000 00000007 00000003 0000002A 00000008 00000100 00000000 00000000 00000000
00000306 00B 12A41001 00000000 00000001 00000000 00000000 00000103 00000040 00000000 00000000 00000007 00000003 0000002A 00000008 00000100 00000000 00000000 00000000
00000307 00C 00991001 00000000 00000001 00000000 00000000 00000103 00000040 00000000 00000000 00000007 00000003 0000002A 00000008 00000100 00000000 00000000 00000000
00000308 00D 0A100005 00000000 00000005 00000000 00000000 00000103 00000040 00000000 00000000 00000007 00000004 0000002A 00000008 00000100 00000000 00000000 00000000
00000309 005 0F19B00E 00000000 0000000E 00000000 00000000 00000103 00000040 00000000 00000000 00000007 00000004 0000002A 00000008 00000100 00000000 00000000 00000000
0000030A 006 11AC9000 00000000 00000000 00000000 00000000 00000103 00000040 00000000 00000000 00000007 00000004 0000002A 00000008 00000100 00000000 00000000 00000000
0000030B 007 004C9000 00000000 00000000 00000000 00000000 00000103 00000040 00000000 00000000 00000007 00000004 0000002A 00000008 00000100 00000000 00000000 00000000
0000030C 008 11541001 00000000 00000001 00000000 00000000 00000104 00000040 00000000 00000000 00000007 00000004 0000002A 00000008 00000100 00000000 00000000 00000000
0000030D 009 0F1A500C 00000000 0000000C 00000000 00000000 00000104 00000017 00000000 00000000 00000007 00000004 0000002A 00000008 00000100 00000000 00000000 00000000
0000030E 00C 00991001 00000000 00000001 00000000 00000000 00000104 00000017 00000000 00000000 00000007 00000004 0000002A 00000008 00000100 00000000 00000000 00000000
0000030F 00D 0A100005 00000000 00000005 00000000 00000000 00000104 00000017 00000000 00000000 00000007 00000005 0000002A 00000008 00000100 00000000 00000000 00000000
00000310 005 0F19B00E 00000000 0000000E 00000000 00000000 00000104 00000017 00000000 00000000 00000007 00000005 0000002A 00000008 00000100 00000000 00000000 00000000
00000311 006 11AC9000 00000000 00000000 00000000 00000000 00000104 00000017 00000000 00000000 00000007 00000005 0000002A 00000008 00000100 00000000 00000000 00000000
00000312 007 004C9000 00000000 00000000 00000000 00000000 00000104 00000017 00000000 00000000 00000007 00000005 00000017 00000008 00000100 00000000 00000000 00000000
00000313 008 11541001 00000000 00000001 00000000 00000000 00000105 00000017 00000000 00000000 00000007 00000005 00000017 00000008 00000100 00000000 00000000 00000000
00000314 009 0F1A500C 00000000 0000000C 00000000 00000000 00000105 00000011 00000000 00000000 00000007 00000005 00000017 00000008 00000100 00000000 00000000 00000000
00000315 00C 00991001 00000000 00000001 00000000 00000000 00000105 00000011 00000000 00000000 00000007 00000005 00000017 00000008 00000100 00000000 00000000 00000000
00000316 00D 0A100005 00000000 00000005 00000000 00000000 00000105 00000011 00000000 00000000 00000007 00000006 00000017 00000008 00000100 00000000 00000000 00000000
00000317 005 0F19B00E 00000000 0000000E 00000000 00000000 00000105 00000011 00000000 00000000 00000007 00000006 00000017 00000008 00000100 00000000 00000000 00000000
00000318 006 11AC9000 00000000 00000000 00000000 00000000 00000105 00000011 00000000 00000000 00000007 00000006 00000017 00000008 00000100 00000000 00000000 00000000
00000319 007 004C9000 00000000 00000000 00000000 00000000 00000105 00000011 00000000 00000000 00000007 00000006 00000011 00000008 00000100 00000000 00000000 00000000
0000031A 008 11541001 00000000 00000001 00000000 00000000 00000106 00000011 00000000 00000000 00000007 00000006 00000011 00000008 00000100 00000000 00000000 00000000
0000031B 009 0F1A500C 00000000 0000000C 00000000 00000000 00000106 00000064 00000000 00000000 00000007 00000006 00000011 00000008 00000100 00000000 00000000 00000000
0000031C 00A 125C9000 00000000 00000000 00000000 00000000 00000106 00000064 00000000 00000000 00000007 00000006 00000011 00000008 00000100 00000000 00000000 00000000
0000031D 00B 12A41001 00000000 00000001 00000000 00000000 00000106 00000064 00000000 00000000 00000007 00000006 00000011 00000008 00000100 00000000 00000000 00000000
0000031E 00C 00991001 00000000 00000001 00000000 00000000 00000106 00000064 00000000 00000000 00000007 00000006 00000011 00000008 00000100 00000000 00000000 00000000
0000031F 00D 0A100005 00000000 00000005 00000000 00000000 00000106 00000064 00000000 00000000 00000007 00000007 00000011 00000008 00000100 00000000 00000000 00000000
00000320 005 0F19B00E 00000000 0000000E 00000000 00000000 00000106 00000064 00000000 00000000 00000007 00000007 00000011 00000008 00000100 00000000 00000000 00000000
00000321 006 11AC9000 00000000 00000000 00000000 00000000 00000106 00000064 00000000 00000000 00000007 00000007 00000011 00000008 00000100 00000000 00000000 00000000
00000322 007 004C9000 00000000 00000000 00000000 00000000 00000106 00000064 00000000 00000000 00000007 00000007 00000011 00000008 00000100 00000000 00000000 00000000
00000323 008 11541001 00000000 00000001 00000000 00000000 00000107 00000064 00000000 00000000 00000007 00000007 00000011 00000008 00000100 00000000 00000000 00000000
00000324 009 0F1A500C 00000000 0000000C 00000000 00000000 00000107 0000001F 00000000 00000000 00000007 00000007 00000011 00000008 00000100 00000000 00000000 00000000
00000325 00A 125C9000 00000000 00000000 00000000 00000000 00000107 0000001F 00000000 00000000 00000007 00000007 00000011 00000008 00000100 00000000 00000000 00000000
00000326 00B 12A41001 00000000 00000001 00000000 00000000 00000107 0000001F 00000000 00000000 00000007 00000007 00000011 00000008 00000100 00000000 00000000 00000000
00000327 00C 00991001 00000000 00000001 00000000 00000000 00000107 0000001F 00000000 00000000 00000007 00000007 00000011 00000008 00000100 00000000 00000000 00000000
00000328 00D 0A100005 00000000 00000005 00000000 00000000 00000107 0000001F 00000000 00000000 00000007 00000008 00000011 00000008 00000100 00000000 00000000 00000000
00000329 005 0F19B00E 00000000 0000000E 00000000 00000000 00000107 0000001F 00000000 00000000 00000007 00000008 00000011 00000008 00000100 00000000 00000000 00000000
0000032A 00E 00881001 00000000 00000001 00000000 00000000 00000107 0000001F 00000000 00000000 00000007 00000008 00000011 00000008 00000100 00000000 00000000 00000000
0000032B 00F 0A100002 00000000 00000002 00000000 00000000 00000107 0000001F 00000000 00000000 00000008 00000008 00000011 00000008 00000100 00000000 00000000 00000000
0000032C 002 01B1800F 00000000 0000000F 00000000 00000000 00000107 0000001F 00000000 00000000 00000008 00000008 00000011 00000008 00000100 00000000 00000000 00000000
0000032D 003 0A1B0010 00000000 00000010 00000000 00000000 00000107 0000001F 00000000 00000000 00000008 00000008 00000011 00000007 00000100 00000000 00000000 00000000
0000032E 004 00900000 00000000 00000000 00000000 00000000 00000107 0000001F 00000000 00000000 00000008 00000008 00000011 00000007 00000100 00000000 00000000 00000000
0000032F 005 0F19B00E 00000000 0000000E 00000000 00000000 00000107 0000001F 00000000 00000000 00000008 00000000 00000011 00000007 00000100 00000000 00000000 00000000
00000330 006 11AC9000 00000000 00000000 00000000 00000000 00000107 0000001F 00000000 00000000 00000008 00000000 00000011 00000007 00000100 00000000 00000000 00000000
00000331 007 004C9000 00000000 00000000 00000000 00000000 00000107 0000001F 00000000 00000000 00000008 00000000 00000063 00000007 00000100 00000000 00000000 00000000
00000332 008 11541001 00000000 00000001 00000000 00000000 00000100 0000001F 00000000 00000000 00000008 00000000 00000063 00000007 00000100 00000000 00000000 00000000
00000333 009 0F1A500C 00000000 0000000C 00000000 00000000 00000100 00000058 00000000 00000000 00000008 00000000 00000063 00000007 00000100 00000000 00000000 00000000
00000334 00C 00991001 00000000 00000001 00000000 00000000 00000100 00000058 00000000 00000000 00000008 00000000 00000063 00000007 00000100 00000000 00000000 00000000
00000335 00D 0A100005 00000000 00000005 00000000 00000000 00000100 00000058 00000000 00000000 00000008 00000001 00000063 00000007 00000100 00000000 00000000 00000000
00000336 005 0F19B00E 00000000 0000000E 00000000 00000000 00000100 00000058 00000000 00000000 00000008 00000001 00000063 00000007 00000100 00000000 00000000 00000000
00000337 006 11AC9000 00000000 00000000 00000000 00000000 00000100 00000058 00000000 00000000 00000008 00000001 00000063 00000007 00000100 00000000 00000000 00000000
00000338 007 004C9000 00000000 00000000 00000000 00000000 00000100 00000058 00000000 00000000 00000008 00000001 00000058 00000007 00000100 00000000 00000000 00000000
00000339 008 11541001 00000000 00000001 00000000 00000000 00000101 00000058 00000000 00000000 00000008 00000001 00000058 00000007 00000100 00000000 00000000 00000000
0000033A 009 0F1A500C 00000000 0000000C 00000000 00000000 00000101 00000037 00000000 00000000 00000008 00000001 00000058 00000007 00000100 00000000 00000000 00000000
0000033B 00C 00991001 00000000 00000001 00000000 00000000 00000101 00000037 00000000 00000000 00000008 00000001 00000058 00000007 00000100 00000000 00000000 00000000
0000033C 00D 0A100005 00000000 00000005 00000000 00000000 00000101 00000037 00000000 00000000 00000008 00000002 00000058 00000007 00000100 00000000 00000000 00000000
0000033D 005 0F19B00E 00000000 0000000E 00000000 00000000 00000101 00000037 00000000 00000000 00000008 00000002 00000058 00000007 00000100 00000000 00000000 00000000
0000033E 006 11AC9000 00000000 00000000 00000000 00000000 00000101 00000037 00000000 00000000 00000008 00000002 00000058 00000007 00000100 00000000 00000000 00000000
0000033F 007 004C9000 00000000 00000000 00000000 00000000 00000101 00000037 00000000 00000000 00000008 00000002 00000037 00000007 00000100 00000000 00000000 00000000
00000340 008 11541001 00000000 00000001 00000000 00000000 00000102 00000037 00000000 00000000 00000008 00000002 00000037 00000007 00000100 00000000 00000000 00000000
00000341 009 0F1A500C 00000000 0000000C 00000000 00000000 00000102 00000040 00000000 00000000 00000008 00000002 00000037 00000007 00000100 00000000 00000000 00000000
00000342 00A 125C9000 00000000 00000000 00000000 00000000 00000102 00000040 00000000 00000000 00000008 00000002 00000037 00000007 00000100 00000000 00000000 00000000
00000343 00B 12A41001 00000000 00000001 00000000 00000000 00000102 00000040 00000000 00000000 00000008 00000002 00000037 00000007 00000100 00000000 00000000 00000000
00000344 00C 00991001 00000000 00000001 00000000 00000000 00000102 00000040 00000000 00000000 00000008 00000002 00000037 00000007 00000100 00000000 00000000 00000000
00000345 00D 0A100005 00000000 00000005 00000000 00000000 00000102 00000040 00000000 00000000 00000008 00000003 00000037 00000007 00000100 00000000 00000000 00000000
00000346 005 0F19B00E 00000000 0000000E 00000000 00000000 00000102 00000040 00000000 00000000 00000008 00000003 00000037 00000007 00000100 00000000 00000000 00000000
00000347 006 11AC9000 00000000 00000000 00000000 00000000 00000102 00000040 00000000 00000000 00000008 00000003 00000037 00000007 00000100 00000000 00000000 00000000
00000348 007 004C9000 00000000 00000000 00000000 00000000 00000102 00000040 00000000 00000000 00000008 00000003 00000037 00000007 00000100 00000000 00000000 00000000
00000349 008 11541001 00000000 00000001 00000000 00000000 00000103 00000040 00000000 00000000 00000008 00000003 00000037 00000007 00000100 00000000 00000000 00000000
0000034A 009 0F1A500C 00000000 0000000C 00000000 00000000 00000103 0000002A 00000000 00000000 00000008 00000003 00000037 00000007 00000100 00000000 00000000 00000000
0000034B 00C 00991001 00000000 00000001 00000000 00000000 00000103 0000002A 00000000 00000000 00000008 00000003 00000037 00000007 00000100 00000000 00000000 00000000
0000034C 00D 0A100005 00000000 00000005 00000000 00000000 00000103 0000002A 00000000 00000000 00000008 00000004 00000037 00000007 00000100 00000000 00000000 00000000
0000034D 005 0F19B00E 00000000 0000000E 00000000 00000000 00000103 0000002A 00000000 00000000 00000008 00000004 00000037 00000007 00000100 00000000 00000000 00000000
0000034E 006 11AC9000 00000000 00000000 00000000 00000000 00000103 0000002A 00000000 00000000 00000008 00000004 00000037 00000007 00000100 00000000 00000000 00000000
0000034F 007 004C9000 00000000 00000000 00000000 00000000 00000103 0000002A 00000000 00000000 00000008 00000004 0000002A 00000007 00000100 00000000 00000000 00000000
00000350 008 11541001 00000000 00000001 00000000 00000000 00000104 0000002A 00000000 00000000 00000008 00000004 0000002A 00000007 00000100 00000000 00000000 00000000
00000351 009 0F1A500C 00000000 0000000C 00000000 00000000 00000104 00000017 00000000 00000000 00000008 00000004 0000002A 00000007 00000100 00000000 00000000 00000000
00000352 00C 00991001 00000000 00000001 00000000 00000000 00000104 00000017 00000000 00000000 00000008 00000004 0000002A 00000007 00000100 00000000 00000000 00000000
00000353 00D 0A100005 00000000 00000005 00000000 00000000 00000104 00000017 00000000 00000000 00000008 00000005 0000002A 00000007 00000100 00000000 00000000 00000000
00000354 005 0F19B00E 00000000 0000000E 00000000 00000000 00000104 00000017 00000000 00000000 00000008 00000005 0000002A 00000007 00000100 00000000 00000000 00000000
00000355 006 11AC9000 00000000 00000000 00000000 00000000 00000104 00000017 00000000 00000000 00000008 00000005 0000002A 00000007 00000100 00000000 00000000 00000000
00000356 007 004C9000 00000000 00000000 00000000 00000000 00000104 00000017 00000000 00000000 00000008 00000005 00000017 00000007 00000100 00000000 00000000 00000000
00000357 008 11541001 00000000 00000001 00000000 00000000 00000105 00000017 00000000 00000000 00000008 00000005 00000017 00000007 00000100 00000000 00000000 00000000
00000358 009 0F1A500C 00000000 0000000C 00000000 00000000 00000105 00000064 00000000 00000000 00000008 00000005 00000017 00000007 00000100 00000000 00000000 00000000
00000359 00A 125C9000 00000000 00000000 00000000 00000000 00000105 00000064 00000000 00000000 00000008 00000005 00000017 00000007 00000100 00000000 00000000 00000000
0000035A 00B 12A41001 00000000 00000001 00000000 00000000 00000105 00000064 00000000 00000000 00000008 00000005 00000017 00000007 00000100 00000000 00000000 00000000
0000035B 00C 00991001 00000000 00000001 00000000 00000000 00000105 00000064 00000000 00000000 00000008 00000005 00000017 00000007 00000100 00000000 00000000 00000000
0000035C 00D 0A100005 00000000 00000005 00000000 00000000 00000105 00000064 00000000 00000000 00000008 00000006 00000017 00000007 00000100 00000000 00000000 00000000
0000035D 005 0F19B00E 00000000 0000000E 00000000 00000000 00000105 00000064 00000000 00000000 00000008 00000006 00000017 00000007 00000100 00000000 00000000 00000000
0000035E 006 11AC9000 00000000 00000000 00000000 00000000 00000105 00000064 00000000 00000000 00000008 00000006 00000017 00000007 00000100 00000000 00000000 00000000
0000035F 007 004C9000 00000000 00000000 00000000 00000000 00000105 00000064 00000000 00000000 00000008 00000006 00000017 00000007 00000100 00000000 00000000 00000000
00000360 008 11541001 00000000 00000001 00000000 00000000 00000106 00000064 00000000 00000000 00000008 00000006 00000017 00000007 00000100 00000000 00000000 00000000
00000361 009 0F1A500C 00000000 0000000C 00000000 00000000 00000106 0000001F 00000000 00000000 00000008 00000006 00000017 00000007 00000100 00000000 00000000 00000000
00000362 00A 125C9000 00000000 00000000 00000000 00000000 00000106 0000001F 00000000 00000000 00000008 00000006 00000017 00000007 00000100 00000000 00000000 00000000
00000363 00B 12A41001 00000000 00000001 00000000 00000000 00000106 0000001F 00000000 00000000 00000008 00000006 00000017 00000007 00000100 00000000 00000000 00000000
00000364 00C 00991001 00000000 00000001 00000000 00000000 00000106 0000001F 00000000 00000000 00000008 00000006 00000017 00000007 00000100 00000000 00000000 00000000
00000365 00D 0A100005 00000000 00000005 00000000 00000000 00000106 0000001F 00000000 00000000 00000008 00000007 00000017 00000007 00000100 00000000 00000000 00000000
00000366 005 0F19B00E 00000000 0000000E 00000000 00000000 00000106 0000001F 00000000 00000000 00000008 00000007 00000017 00000007 00000100 00000000 00000000 00000000
00000367 00E 00881001 00000000 00000001 00000000 00000000 00000106 0000001F 00000000 00000000 00000008 00000007 00000017 00000007 00000100 00000000 00000000 00000000
00000368 00F 0A100002 00000000 00000002 00000000 00000000 00000106 0000001F 00000000 00000000 00000009 00000007 00000017 00000007 00000100 00000000 00000000 00000000
00000369 002 01B1800F 00000000 0000000F 00000000 00000000 00000106 0000001F 00000000 00000000 00000009 00000007 00000017 00000007 00000100 00000000 00000000 00000000
0000036A 003 0A1B0010 00000000 00000010 00000000 00000000 00000106 0000001F 00000000 00000000 00000009 00000007 00000017 00000006 00000100 00000000 00000000 00000000
0000036B 004 00900000 00000000 00000000 00000000 00000000 00000106 0000001F 00000000 00000000 00000009 00000007 00000017 00000006 00000100 00000000 00000000 00000000
0000036C 005 0F19B00E 00000000 0000000E 00000000 00000000 00000106 0000001F 00000000 00000000 00000009 00000000 00000017 00000006 00000100 00000000 00000000 00000000
0000036D 006 11AC9000 00000000 00000000 00000000 00000000 00000106 0000001F 00000000 00000000 00000009 00000000 00000017 00000006 00000100 00000000 00000000 00000000
0000036E 007 004C9000 00000000 00000000 00000000 00000000 00000106 0000001F 00000000 00000000 00000009 00000000 00000063 00000006 00000100 00000000 00000000 00000000
0000036F 008 11541001 00000000 00000001 00000000 00000000 00000100 0000001F 00000000 00000000 00000009 00000000 00000063 00000006 00000100 00000000 00000000 00000000
00000370 009 0F1A500C 00000000 0000000C 00000000 00000000 00000100 00000058 00000000 00000000 00000009 00000000 00000063 00000006 00000100 00000000 00000000 00000000
00000371 00C 00991001 00000000 00000001 00000000 00000000 00000100 00000058 00000000 00000000 00000009 00000000 00000063 00000006 00000100 00000000 00000000 00000000
00000372 00D 0A100005 00000000 00000005 00000000 00000000 00000100 00000058 00000000 00000000 00000009 00000001 00000063 00000006 00000100 00000000 00000000 00000000
00000373 005 0F19B00E 00000000 0000000E 00000000 00000000 00000100 00000058 00000000 00000000 00000009 00000001 00000063 00000006 00000100 00000000 00000000 00000000
00000374 006 11AC9000 00000000 00000000 00000000 00000000 00000100 00000058 00000000 00000000 00000009 00000001 00000063 00000006 00000100 00000000 00000000 00000000
00000375 007 004C9000 00000000 00000000 00000000 00000000 00000100 00000058 00000000 00000000 00000009 00000001 00000058 00000006 00000100 00000000 00000000 00000000
00000376 008 11541001 00000000 00000001 00000000 00000000 00000101 00000058 00000000 00000000 00000009 00000001 00000058 00000006 00000100 00000000 00000000 00000000
00000377 009 0F1A500C 00000000 0000000C 00000000 00000000 00000101 00000040 00000000 00000000 00000009 00000001 00000058 00000006 00000100 00000000 00000000 00000000
00000378 00C 00991001 00000000 00000001 00000000 00000000 00000101 00000040 00000000 00000000 00000009 00000001 00000058 00000006 00000100 00000000 00000000 00000000
00000379 00D 0A100005 00000000 00000005 00000000 00000000 00000101 00000040 00000000 00000000 00000009 00000002 00000058 00000006 00000100 00000000 00000000 00000000
0000037A 005 0F19B00E 00000000 0000000E 00000000 00000000 00000101 00000040 00000000 00000000 00000009 00000002 00000058 00000006 00000100 00000000 00000000 00000000
0000037B 006 11AC9000 00000000 00000000 00000000 00000000 00000101 00000040 00000000 00000000 00000009 00000002 00000058 00000006 00000100 00000000 00000000 00000000
0000037C 007 004C9000 00000000 00000000 00000000 00000000 00000101 00000040 00000000 00000000 00000009 00000002 00000040 00000006 00000100 00000000 00000000 00000000
0000037D 008 11541001 00000000 00000001 00000000 00000000 00000102 00000040 00000000 00000000 00000009 00000002 00000040 00000006 00000100 00000000 00000000 00000000
0000037E 009 0F1A500C 00000000 0000000C 00000000 00000000 00000102 00000037 00000000 00000000 00000009 00000002 00000040 00000006 00000100 00000000 00000000 00000000
0000037F 00C 00991001 00000000 00000001 00000000 00000000 00000102 00000037 00000000 00000000 00000009 00000002 00000040 00000006 00000100 00000000 00000000 00000000
00000380 00D 0A100005 00000000 00000005 00000000 00000000 00000102 00000037 00000000 00000000 00000009 00000003 00000040 00000006 00000100 00000000 00000000 00000000
00000381 005 0F19B00E 00000000 0000000E 00000000 00000000 00000102 00000037 00000000 00000000 00000009 00000003 00000040 00000006 00000100 00000000 00000000 00000000
00000382 006 11AC9000 00000000 00000000 00000000 00000000 00000102 00000037 00000000 00000000 00000009 00000003 00000040 00000006 00000100 00000000 00000000 00000000
00000383 007 004C9000 00000000 00000000 00000000 00000000 00000102 00000037 00000000 00000000 00000009 00000003 00000037 00000006 00000100 00000000 00000000 00000000
00000384 008 11541001 00000000 00000001 00000000 00000000 00000103 00000037 00000000 00000000 00000009 00000003 00000037 00000006 00000100 00000000 00000000 00000000
00000385 009 0F1A500C 00000000 0000000C 00000000 00000000 00000103 0000002A 00000000 00000000 00000009 00000003 00000037 00000006 00000100 00000000 00000000 00000000
00000386 00C 00991001 00000000 00000001 00000000 00000000 00000103 0000002A 00000000 00000000 00000009 00000003 00000037 00000006 00000100 00000000 00000000 00000000
00000387 00D 0A100005 00000000 00000005 00000000 00000000 00000103 0000002A 00000000 00000000 00000009 00000004 00000037 00000006 00000100 00000000 00000000 00000000
00000388 005 0F19B00E 00000000 0000000E 00000000 00000000 00000103 0000002A 00000000 00000000 00000009 00000004 00000037 00000006 00000100 00000000 00000000 00000000
00000389 006 11AC9000 00000000 00000000 00000000 00000000 00000103 0000002A 00000000 00000000 00000009 00000004 00000037 00000006 00000100 00000000 00000000 00000000
0000038A 007 004C9000 00000000 00000000 00000000 00000000 00000103 0000002A 00000000 00000000 00000009 00000004 0000002A 00000006 00000100 00000000 00000000 00000000
0000038B 008 11541001 00000000 00000001 00000000 00000000 00000104 0000002A 00000000 00000000 00000009 00000004 0000002A 00000006 00000100 00000000 00000000 00000000
0000038C 009 0F1A500C 00000000 0000000C 00000000 00000000 00000104 00000064 00000000 00000000 00000009 00000004 0000002A 00000006 00000100 00000000 00000000 00000000
0000038D 00A 125C9000 00000000 00000000 00000000 00000000 00000104 00000064 00000000 00000000 00000009 00000004 0000002A 00000006 00000100 00000000 00000000 00000000
0000038E 00B 12A41001 00000000 00000001 00000000 00000000 00000104 00000064 00000000 00000000 00000009 00000004 0000002A 00000006 00000100 00000000 00000000 00000000
0000038F 00C 00991001 00000000 00000001 00000000 00000000 00000104 00000064 00000000 00000000 00000009 00000004 0000002A 00000006 00000100 00000000 00000000 00000000
00000390 00D 0A100005 00000000 00000005 00000000 00000000 00000104 00000064 00000000 00000000 00000009 00000005 0000002A 00000006 00000100 00000000 00000000 00000000
00000391 005 0F19B00E 00000000 0000000E 00000000 00000000 00000104 00000064 00000000 00000000 00000009 00000005 0000002A 00000006 00000100 00000000 00000000 00000000
00000392 006 11AC9000 00000000 00000000 00000000 00000000 00000104 00000064 00000000 00000000 00000009 00000005 0000002A 00000006 00000100 00000000 00000000 00000000
00000393 007 004C9000 00000000 00000000 00000000 00000000 00000104 00000064 00000000 00000000 00000009 00000005 0000002A 00000006 00000100 00000000 00000000 00000000
00000394 008 11541001 00000000 00000001 00000000 00000000 00000105 00000064 00000000 00000000 00000009 00000005 0000002A 00000006 00000100 00000000 00000000 00000000
00000395 009 0F1A500C 00000000 0000000C 00000000 00000000 00000105 0000001F 00000000 00000000 00000009 00000005 0000002A 00000006 00000100 00000000 00000000 00000000
00000396 00C 00991001 00000000 00000001 00000000 00000000 00000105 0000001F 00000000 00000000 00000009 00000005 0000002A 00000006 00000100 00000000 00000000 00000000
00000397 00D 0A100005 00000000 00000005 00000000 00000000 00000105 0000001F 00000000 00000000 00000009 00000006 0000002A 00000006 00000100 00000000 00000000 00000000
00000398 005 0F19B00E 00000000 0000000E 00000000 00000000 00000105 0000001F 00000000 00000000 00000009 00000006 0000002A 00000006 00000100 00000000 00000000 00000000
00000399 00E 00881001 00000000 00000001 00000000 00000000 00000105 0000001F 00000000 00000000 00000009 00000006 0000002A 00000006 00000100 00000000 00000000 00000000
0000039A 00F 0A100002 00000000 00000002 00000000 00000000 00000105 0000001F 00000000 00000000 0000000A 00000006 0000002A 00000006 00000100 00000000 00000000 00000000
0000039B 002 01B1800F 00000000 0000000F 00000000 00000000 00000105 0000001F 00000000 00000000 0000000A 00000006 0000002A 00000006 00000100 00000000 00000000 00000000
0000039C 003 0A1B0010 00000000 00000010 00000000 00000000 00000105 0000001F 00000000 00000000 0000000A 00000006 0000002A 00000005 00000100 00000000 00000000 00000000
0000039D 004 00900000 00000000 00000000 00000000 00000000 00000105 0000001F 00000000 00000000 0000000A 00000006 0000002A 00000005 00000100 00000000 00000000 00000000
0000039E 005 0F19B00E 00000000 0000000E 00000000 00000000 00000105 0000001F 00000000 00000000 0000000A 00000000 0000002A 00000005 00000100 00000000 00000000 00000000
0000039F 006 11AC9000 00000000 00000000 00000000 00000000 00000105 0000001F 00000000 00000000 0000000A 00000000 0000002A 00000005 00000100 00000000 00000000 00000000
000003A0 007 004C9000 00000000 00000000 00000000 00000000 00000105 0000001F 00000000 00000000 0000000A 00000000 00000063 00000005 00000100 00000000 00000000 00000000
000003A1 008 11541001 00000000 00000001 00000000 00000000 00000100 0000001F 00000000 00000000 0000000A 00000000 00000063 00000005 00000100 00000000 00000000 00000000
000003A2 009 0F1A500C 00000000 0000000C 00000000 00000000 00000100 00000058 00000000 00000000 0000000A 00000000 00000063 00000005 00000100 00000000 00000000 00000000
000003A3 00C 00991001 00000000 00000001 00000000 00000000 00000100 00000058 00000000 00000000 0000000A 00000000 00000063 00000005 00000100 00000000 00000000 00000000
000003A4 00D 0A100005 00000000 00000005 00000000 00000000 00000100 00000058 00000000 00000000 0000000A 00000001 00000063 00000005 00000100 00000000 00000000 00000000
000003A5 005 0F19B00E 00000000 0000000E 00000000 00000000 00000100 00000058 00000000 00000000 0000000A 00000001 00000063 00000005 00000100 00000000 00000000 00000000
000003A6 006 11AC9000 00000000 00000000 00000000 00000000 00000100 00000058 00000000 00000000 0000000A 00000001 00000063 00000005 00000100 00000000 00000000 00000000
000003A7 007 004C9000 00000000 00000000 00000000 00000000 00000100 00000058 00000000 00000000 0000000A 00000001 00000058 00000005 00000100 00000000 00000000 00000000
000003A8 008 11541001 00000000 00000001 00000000 00000000 00000101 00000058 00000000 00000000 0000000A 00000001 00000058 00000005 00000100 00000000 00000000 00000000
000003A9 009 0F1A500C 00000000 0000000C 00000000 00000000 00000101 00000040 00000000 00000000 0000000A 00000001 00000058 00000005 00000100 00000000 00000000 00000000
000003AA 00C 00991001 00000000 00000001 00000000 00000000 00000101 00000040 00000000 00000000 0000000A 00000001 00000058 00000005 00000100 00000000 00000000 00000000
000003AB 00D 0A100005 00000000 00000005 00000000 00000000 00000101 00000040 00000000 00000000 0000000A 00000002 00000058 00000005 00000100 00000000 00000000 00000000
000003AC 005 0F19B00E 00000000 0000000E 00000000 00000000 00000101 00000040 00000000 00000000 0000000A 00000002 00000058 00000005 00000100 00000000 00000000 00000000
000003AD 006 11AC9000 00000000 00000000 00000000 00000000 00000101 00000040 00000000 00000000 0000000A 00000002 00000058 00000005 00000100 00000000 00000000 00000000
000003AE 007 004C9000 00000000 00000000 00000000 00000000 00000101 00000040 00000000 00000000 0000000A 00000002 00000040 00000005 00000100 00000000 00000000 00000000
000003AF 008 11541001 00000000 00000001 00000000 00000000 00000102 00000040 00000000 00000000 0000000A 00000002 00000040 00000005 00000100 00000000 00000000 00000000
000003B0 009 0F1A500C 00000000 0000000C 00000000 00000000 00000102 00000037 00000000 00000000 0000000A 00000002 00000040 00000005 00000100 00000000 00000000 00000000
000003B1 00C 00991001 00000000 00000001 00000000 00000000 00000102 00000037 00000000 00000000 0000000A 00000002 00000040 00000005 00000100 00000000 00000000 00000000
000003B2 00D 0A100005 00000000 00000005 00000000 00000000 00000102 00000037 00000000 00000000 0000000A 00000003 00000040 00000005 00000100 00000000 00000000 00000000
000003B3 005 0F19B00E 00000000 0000000E 00000000 00000000 00000102 00000037 00000000 00000000 0000000A 00000003 00000040 00000005 00000100 00000000 00000000 00000000
000003B4 006 11AC9000 00000000 00000000 00000000 00000000 00000102 00000037 00000000 00000000 0000000A 00000003 00000040 00000005 00000100 00000000 00000000 00000000
000003B5 007 004C9000 00000000 00000000 00000000 00000000 00000102 00000037 00000000 00000000 0000000A 00000003 00000037 00000005 00000100 00000000 00000000 00000000
000003B6 008 11541001 00000000 00000001 00000000 00000000 00000103 00000037 00000000 00000000 0000000A 00000003 00000037 00000005 00000100 00000000 00000000 00000000
000003B7 009 0F1A500C 00000000 0000000C 00000000 00000000 00000103 00000064 00000000 00000000 0000000A 00000003 00000037 00000005 00000100 00000000 00000000 00000000
000003B8 00A 125C9000 00000000 00000000 00000000 00000000 00000103 00000064 00000000 00000000 0000000A 00000003 00000037 00000005 00000100 00000000 00000000 00000000
000003B9 00B 12A41001 00000000 00000001 00000000 00000000 00000103 00000064 00000000 00000000 0000000A 00000003 00000037 00000005 00000100 00000000 00000000 00000000
000003BA 00C 00991001 00000000 00000001 00000000 00000000 00000103 00000064 00000000 00000000 0000000A 00000003 00000037 00000005 00000100 00000000 00000000 00000000
000003BB 00D 0A100005 00000000 00000005 00000000 00000000 00000103 00000064 00000000 00000000 0000000A 00000004 00000037 00000005 00000100 00000000 00000000 00000000
000003BC 005 0F19B00E 00000000 0000000E 00000000 00000000 00000103 00000064 00000000 00000000 0000000A 00000004 00000037 00000005 00000100 00000000 00000000 00000000
000003BD 006 11AC9000 00000000 00000000 00000000 00000000 00000103 00000064 00000000 00000000 0000000A 00000004 00000037 00000005 00000100 00000000 00000000 00000000
000003BE 007 004C9000 00000000 00000000 00000000 00000000 00000103 00000064 00000000 00000000 0000000A 00000004 00000037 00000005 00000100 00000000 00000000 00000000
000003BF 008 11541001 00000000 00000001 00000000 00000000 00000104 00000064 00000000 00000000 0000000A 00000004 00000037 00000005 00000100 00000000 00000000 00000000
000003C0 009 0F1A500C 00000000 0000000C 00000000 00000000 00000104 0000002A 00000000 00000000 0000000A 00000004 00000037 00000005 00000100 00000000 00000000 00000000
000003C1 00C 00991001 00000000 00000001 00000000 00000000 00000104 0000002A 00000000 00000000 0000000A 00000004 00000037 00000005 00000100 00000000 00000000 00000000
000003C2 00D 0A100005 00000000 00000005 00000000 00000000 00000104 0000002A 00000000 00000000 0000000A 00000005 00000037 00000005 00000100 00000000 00000000 00000000
000003C3 005 0F19B00E 00000000 0000000E 00000000 00000000 00000104 0000002A 00000000 00000000 0000000A 00000005 00000037 00000005 00000100 00000000 00000000 00000000
000003C4 00E 00881001 00000000 00000001 00000000 00000000 00000104 0000002A 00000000 00000000 0000000A 00000005 00000037 00000005 00000100 00000000 00000000 00000000
000003C5 00F 0A100002 00000000 00000002 00000000 00000000 00000104 0000002A 00000000 00000000 0000000B 00000005 00000037 00000005 00000100 00000000 00000000 00000000
000003C6 002 01B1800F 00000000 0000000F 00000000 00000000 00000104 0000002A 00000000 00000000 0000000B 00000005 00000037 00000005 00000100 00000000 00000000 00000000
000003C7 003 0A1B0010 00000000 00000010 00000000 00000000 00000104 0000002A 00000000 00000000 0000000B 00000005 00000037 00000004 00000100 00000000 00000000 00000000
000003C8 004 00900000 00000000 00000000 00000000 00000000 00000104 0000002A 00000000 00000000 0000000B 00000005 00000037 00000004 00000100 00000000 00000000 00000000
000003C9 005 0F19B00E 00000000 0000000E 00000000 00000000 00000104 0000002A 00000000 00000000 0000000B 00000000 00000037 00000004 00000100 00000000 00000000 00000000
000003CA 006 11AC9000 00000000 00000000 00000000 00000000 00000104 0000002A 00000000 00000000 0000000B 00000000 00000037 00000004 00000100 00000000 00000000 00000000
000003CB 007 004C9000 00000000 00000000 00000000 00000000 00000104 0000002A 00000000 00000000 0000000B 00000000 00000063 00000004 00000100 00000000 00000000 00000000
000003CC 008 11541001 00000000 00000001 00000000 00000000 00000100 0000002A 00000000 00000000 0000000B 00000000 00000063 00000004 00000100 00000000 00000000 00000000
000003CD 009 0F1A500C 00000000 0000000C 00000000 00000000 00000100 00000058 00000000 00000000 0000000B 00000000 00000063 00000004 00000100 00000000 00000000 00000000
000003CE 00C 00991001 00000000 00000001 00000000 00000000 00000100 00000058 00000000 00000000 0000000B 00000000 00000063 00000004 00000100 00000000 00000000 00000000
000003CF 00D 0A100005 00000000 00000005 00000000 00000000 00000100 00000058 00000000 00000000 0000000B 00000001 00000063 00000004 00000100 00000000 00000000 00000000
000003D0 005 0F19B00E 00000000 0000000E 00000000 00000000 00000100 00000058 00000000 00000000 0000000B 00000001 00000063 00000004 00000100 00000000 00000000 00000000
000003D1 006 11AC9000 00000000 00000000 00000000 00000000 00000100 00000058 00000000 00000000 0000000B 00000001 00000063 00000004 00000100 00000000 00000000 00000000
000003D2 007 004C9000 00000000 00000000 00000000 00000000 00000100 00000058 00000000 00000000 0000000B 00000001 00000058 00000004 00000100 00000000 00000000 00000000
000003D3 008 11541001 00000000 00000001 00000000 00000000 00000101 00000058 00000000 00000000 0000000B 00000001 00000058 00000004 00000100 00000000 00000000 00000000
000003D4 009 0F1A500C 00000000 0000000C 00000000 00000000 00000101 00000040 00000000 00000000 0000000B 00000001 00000058 00000004 00000100 00000000 00000000 00000000
000003D5 00C 00991001 00000000 00000001 00000000 00000000 00000101 00000040 00000000 00000000 0000000B 00000001 00000058 00000004 00000100 00000000 00000000 00000000
000003D6 00D 0A100005 00000000 00000005 00000000 00000000 00000101 00000040 00000000 00000000 0000000B 00000002 00000058 00000004 00000100 00000000 00000000 00000000
000003D7 005 0F19B00E 00000000 0000000E 00000000 00000000 00000101 00000040 00000000 00000000 0000000B 00000002 00000058 00000004 00000100 00000000 00000000 00000000
000003D8 006 11AC9000 00000000 00000000 00000000 00000000 00000101 00000040 00000000 00000000 0000000B 00000002 00000058 00000004 00000100 00000000 00000000 00000000
000003D9 007 004C9000 00000000 00000000 00000000 00000000 00000101 00000040 00000000 00000000 0000000B 00000002 00000040 00000004 00000100 00000000 00000000 00000000
000003DA 008 11541001 00000000 00000001 00000000 00000000 00000102 00000040 00000000 00000000 0000000B 00000002 00000040 00000004 00000100 00000000 00000000 00000000
000003DB 009 0F1A500C 00000000 0000000C 00000000 00000000 00000102 00000064 00000000 00000000 0000000B 00000002 00000040 00000004 00000100 00000000 00000000 00000000
000003DC 00A 125C9000 00000000 00000000 00000000 00000000 00000102 00000064 00000000 00000000 0000000B 00000002 00000040 00000004 00000100 00000000 00000000 00000000
000003DD 00B 12A41001 00000000 00000001 00000000 00000000 00000102 00000064 00000000 00000000 0000000B 00000002 00000040 00000004 00000100 00000000 00000000 00000000
000003DE 00C 00991001 00000000 00000001 00000000 00000000 00000102 00000064 00000000 00000000 0000000B 00000002 00000040 00000004 00000100 00000000 00000000 00000000
000003DF 00D 0A100005 00000000 00000005 00000000 00000000 00000102 00000064 00000000 00000000 0000000B 00000003 00000040 00000004 00000100 00000000 00000000 00000000
000003E0 005 0F19B00E 00000000 0000000E 00000000 00000000 00000102 00000064 00000000 00000000 0000000B 00000003 00000040 00000004 00000100 00000000 00000000 00000000
000003E1 006 11AC9000 00000000 00000000 00000000 00000000 00000102 00000064 00000000 00000000 0000000B 00000003 00000040 00000004 00000100 00000000 00000000 00000000
000003E2 007 004C9000 00000000 00000000 00000000 00000000 00000102 00000064 00000000 00000000 0000000B 00000003 00000040 00000004 00000100 00000000 00000000 00000000
000003E3 008 11541001 00000000 00000001 00000000 00000000 00000103 00000064 00000000 00000000 0000000B 00000003 00000040 00000004 00000100 00000000 00000000 00000000
000003E4 009 0F1A500C 00000000 0000000C 00000000 00000000 00000103 00000037 00000000 00000000 0000000B 00000003 00000040 00000004 00000100 00000000 00000000 00000000
000003E5 00C 00991001 00000000 00000001 00000000 00000000 00000103 00000037 00000000 00000000 0000000B 00000003 00000040 00000004 00000100 00000000 00000000 00000000
000003E6 00D 0A100005 00000000 00000005 00000000 00000000 00000103 00000037 00000000 00000000 0000000B 00000004 00000040 00000004 00000100 00000000 00000000 00000000
000003E7 005 0F19B00E 00000000 0000000E 00000000 00000000 00000103 00000037 00000000 00000000 0000000B 00000004 00000040 00000004 00000100 00000000 00000000 00000000
000003E8 00E 00881001 00000000 00000001 00000000 00000000 00000103 00000037 00000000 00000000 0000000B 00000004 00000040 00000004 00000100 00000000 00000000 00000000
000003E9 00F 0A100002 00000000 00000002 00000000 00000000 00000103 00000037 00000000 00000000 0000000C 00000004 00000040 00000004 00000100 00000000 00000000 00000000
000003EA 002 01B1800F 00000000 0000000F 00000000 00000000 00000103 00000037 00000000 00000000 0000000C 00000004 00000040 00000004 00000100 00000000 00000000 00000000
000003EB 003 0A1B0010 00000000 00000010 00000000 00000000 00000103 00000037 00000000 00000000 0000000C 00000004 00000040 00000003 00000100 00000000 00000000 00000000
000003EC 004 00900000 00000000 00000000 00000000 00000000 00000103 00000037 00000000 00000000 0000000C 00000004 00000040 00000003 00000100 00000000 00000000 00000000
000003ED 005 0F19B00E 00000000 0000000E 00000000 00000000 00000103 00000037 00000000 00000000 0000000C 00000000 00000040 00000003 00000100 00000000 00000000 00000000
000003EE 006 11AC9000 00000000 00000000 00000000 00000000 00000103 00000037 00000000 00000000 0000000C 00000000 00000040 00000003 00000100 00000000 00000000 00000000
000003EF 007 004C9000 00000000 00000000 00000000 00000000 00000103 00000037 00000000 00000000 0000000C 00000000 00000063 00000003 00000100 00000000 00000000 00000000
000003F0 008 11541001 00000000 00000001 00000000 00000000 00000100 00000037 00000000 00000000 0000000C 00000000 00000063 00000003 00000100 00000000 00000000 00000000
000003F1 009 0F1A500C 00000000 0000000C 00000000 00000000 00000100 00000058 00000000 00000000 0000000C 00000000 00000063 00000003 00000100 00000000 00000000 00000000
000003F2 00C 00991001 00000000 00000001 00000000 00000000 00000100 00000058 00000000 00000000 0000000C 00000000 00000063 00000003 00000100 00000000 00000000 00000000
000003F3 00D 0A100005 00000000 00000005 00000000 00000000 00000100 00000058 00000000 00000000 0000000C 00000001 00000063 00000003 00000100 00000000 00000000 00000000
000003F4 005 0F19B00E 00000000 0000000E 00000000 00000000 00000100 00000058 00000000 00000000 0000000C 00000001 00000063 00000003 00000100 00000000 00000000 00000000
000003F5 006 11AC9000 00000000 00000000 00000000 00000000 00000100 00000058 00000000 00000000 0000000C 00000001 00000063 00000003 00000100 00000000 00000000 00000000
000003F6 007 004C9000 00000000 00000000 00000000 00000000 00000100 00000058 00000000 00000000 0000000C 00000001 00000058 00000003 00000100 00000000 00000000 00000000
000003F7 008 11541001 00000000 00000001 00000000 00000000 00000101 00000058 00000000 00000000 0000000C 00000001 00000058 00000003 00000100 00000000 00000000 00000000
000003F8 009 0F1A500C 00000000 0000000C 00000000 00000000 00000101 00000064 00000000 00000000 0000000C 00000001 00000058 00000003 00000100 00000000 00000000 00000000
000003F9 00A 125C9000 00000000 00000000 00000000 00000000 00000101 00000064 00000000 00000000 0000000C 00000001 00000058 00000003 00000100 00000000 00000000 00000000
000003FA 00B 12A41001 00000000 00000001 00000000 00000000 00000101 00000064 00000000 00000000 0000000C 00000001 00000058 00000003 00000100 00000000 00000000 00000000
000003FB 00C 00991001 00000000 00000001 00000000 00000000 00000101 00000064 00000000 00000000 0000000C 00000001 00000058 00000003 00000100 00000000 00000000 00000000
000003FC 00D 0A100005 00000000 00000005 00000000 00000000 00000101 00000064 00000000 00000000 0000000C 00000002 00000058 00000003 00000100 00000000 00000000 00000000
000003FD 005 0F19B00E 00000000 0000000E 00000000 00000000 00000101 00000064 00000000 00000000 0000000C 00000002 00000058 00000003 00000100 00000000 00000000 00000000
000003FE 006 11AC9000 00000000 00000000 00000000 00000000 00000101 00000064 00000000 00000000 0000000C 00000002 00000058 00000003 00000100 00000000 00000000 00000000
000003FF 007 004C9000 00000000 00000000 00000000 00000000 00000101 00000064 00000000 00000000 0000000C 00000002 00000058 00000003 00000100 00000000 00000000 00000000
00000400 008 11541001 00000000 00000001 00000000 00000000 00000102 00000064 00000000 00000000 0000000C 00000002 00000058 00000003 00000100 00000000 00000000 00000000
00000401 009 0F1A500C 00000000 0000000C 00000000 00000000 00000102 00000040 00000000 00000000 0000000C 00000002 00000058 00000003 00000100 00000000 00000000 00000000
00000402 00C 00991001 00000000 00000001 00000000 00000000 00000102 00000040 00000000 00000000 0000000C 00000002 00000058 00000003 00000100 00000000 00000000 00000000
00000403 00D 0A100005 00000000 00000005 00000000 00000000 00000102 00000040 00000000 00000000 0000000C 00000003 00000058 00000003 00000100 00000000 00000000 00000000
00000404 005 0F19B00E 00000000 0000000E 00000000 00000000 00000102 00000040 00000000 00000000 0000000C 00000003 00000058 00000003 00000100 00000000 00000000 00000000
00000405 00E 00881001 00000000 00000001 00000000 00000000 00000102 00000040 00000000 00000000 0000000C 00000003 00000058 00000003 00000100 00000000 00000000 00000000
00000406 00F 0A100002 00000000 00000002 00000000 00000000 00000102 00000040 00000000 00000000 0000000D 00000003 00000058 00000003 00000100 00000000 00000000 00000000
00000407 002 01B1800F 00000000 0000000F 00000000 00000000 00000102 00000040 00000000 00000000 0000000D 00000003 00000058 00000003 00000100 00000000 00000000 00000000
00000408 003 0A1B0010 00000000 00000010 00000000 00000000 00000102 00000040 00000000 00000000 0000000D 00000003 00000058 00000002 00000100 00000000 00000000 00000000
00000409 004 00900000 00000000 00000000 00000000 00000000 00000102 00000040 00000000 00000000 0000000D 00000003 00000058 00000002 00000100 00000000 00000000 00000000
0000040A 005 0F19B00E 00000000 0000000E 00000000 00000000 00000102 00000040 00000000 00000000 0000000D 00000000 00000058 00000002 00000100 00000000 00000000 00000000
0000040B 006 11AC9000 00000000 00000000 00000000 00000000 00000102 00000040 00000000 00000000 0000000D 00000000 00000058 00000002 00000100 00000000 00000000 00000000
0000040C 007 004C9000 00000000 00000000 00000000 00000000 00000102 00000040 00000000 00000000 0000000D 00000000 00000063 00000002 00000100 00000000 00000000 00000000
0000040D 008 11541001 00000000 00000001 00000000 00000000 00000100 00000040 00000000 00000000 0000000D 00000000 00000063 00000002 00000100 00000000 00000000 00000000
0000040E 009 0F1A500C 00000000 0000000C 00000000 00000000 00000100 00000064 00000000 00000000 0000000D 00000000 00000063 00000002 00000100 00000000 00000000 00000000
0000040F 00A 125C9000 00000000 00000000 00000000 00000000 00000100 00000064 00000000 00000000 0000000D 00000000 00000063 00000002 00000100 00000000 00000000 00000000
00000410 00B 12A41001 00000000 00000001 00000000 00000000 00000100 00000064 00000000 00000000 0000000D 00000000 00000063 00000002 00000100 00000000 00000000 00000000
00000411 00C 00991001 00000000 00000001 00000000 00000000 00000100 00000064 00000000 00000000 0000000D 00000000 00000063 00000002 00000100 00000000 00000000 00000000
00000412 00D 0A100005 00000000 00000005 00000000 00000000 00000100 00000064 00000000 00000000 0000000D 00000001 00000063 00000002 00000100 00000000 00000000 00000000
00000413 005 0F19B00E 00000000 0000000E 00000000 00000000 00000100 00000064 00000000 00000000 0000000D 00000001 00000063 00000002 00000100 00000000 00000000 00000000
00000414 006 11AC9000 00000000 00000000 00000000 00000000 00000100 00000064 00000000 00000000 0000000D 00000001 00000063 00000002 00000100 00000000 00000000 00000000
00000415 007 004C9000 00000000 00000000 00000000 00000000 00000100 00000064 00000000 00000000 0000000D 00000001 00000063 00000002 00000100 00000000 00000000 00000000
00000416 008 11541001 00000000 00000001 00000000 00000000 00000101 00000064 00000000 00000000 0000000D 00000001 00000063 00000002 00000100 00000000 00000000 00000000
00000417 009 0F1A500C 00000000 0000000C 00000000 00000000 00000101 00000058 00000000 00000000 0000000D 00000001 00000063 00000002 00000100 00000000 00000000 00000000
00000418 00C 00991001 00000000 00000001 00000000 00000000 00000101 00000058 00000000 00000000 0000000D 00000001 00000063 00000002 00000100 00000000 00000000 00000000
00000419 00D 0A100005 00000000 00000005 00000000 00000000 00000101 00000058 00000000 00000000 0000000D 00000002 00000063 00000002 00000100 00000000 00000000 00000000
0000041A 005 0F19B00E 00000000 0000000E 00000000 00000000 00000101 00000058 00000000 00000000 0000000D 00000002 00000063 00000002 00000100 00000000 00000000 00000000
0000041B 00E 00881001 00000000 00000001 00000000 00000000 00000101 00000058 00000000 00000000 0000000D 00000002 00000063 00000002 00000100 00000000 00000000 00000000
0000041C 00F 0A100002 00000000 00000002 00000000 00000000 00000101 00000058 00000000 00000000 0000000E 00000002 00000063 00000002 00000100 00000000 00000000 00000000
0000041D 002 01B1800F 00000000 0000000F 00000000 00000000 00000101 00000058 00000000 00000000 0000000E 00000002 00000063 00000002 00000100 00000000 00000000 00000000
0000041E 003 0A1B0010 00000000 00000010 00000000 00000000 00000101 00000058 00000000 00000000 0000000E 00000002 00000063 00000001 00000100 00000000 00000000 00000000
0000041F 004 00900000 00000000 00000000 00000000 00000000 00000101 00000058 00000000 00000000 0000000E 00000002 00000063 00000001 00000100 00000000 00000000 00000000
00000420 005 0F19B00E 00000000 0000000E 00000000 00000000 00000101 00000058 00000000 00000000 0000000E 00000000 00000063 00000001 00000100 00000000 00000000 00000000
00000421 006 11AC9000 00000000 00000000 00000000 00000000 00000101 00000058 00000000 00000000 0000000E 00000000 00000063 00000001 00000100 00000000 00000000 00000000
00000422 007 004C9000 00000000 00000000 00000000 00000000 00000101 00000058 00000000 00000000 0000000E 00000000 00000064 00000001 00000100 00000000 00000000 00000000
00000423 008 11541001 00000000 00000001 00000000 00000000 00000100 00000058 00000000 00000000 0000000E 00000000 00000064 00000001 00000100 00000000 00000000 00000000
00000424 009 0F1A500C 00000000 0000000C 00000000 00000000 00000100 00000063 00000000 00000000 0000000E 00000000 00000064 00000001 00000100 00000000 00000000 00000000
00000425 00C 00991001 00000000 00000001 00000000 00000000 00000100 00000063 00000000 00000000 0000000E 00000000 00000064 00000001 00000100 00000000 00000000 00000000
00000426 00D 0A100005 00000000 00000005 00000000 00000000 00000100 00000063 00000000 00000000 0000000E 00000001 00000064 00000001 00000100 00000000 00000000 00000000
00000427 005 0F19B00E 00000000 0000000E 00000000 00000000 00000100 00000063 00000000 00000000 0000000E 00000001 00000064 00000001 00000100 00000000 00000000 00000000
00000428 00E 00881001 00000000 00000001 00000000 00000000 00000100 00000063 00000000 00000000 0000000E 00000001 00000064 00000001 00000100 00000000 00000000 00000000
00000429 00F 0A100002 00000000 00000002 00000000 00000000 00000100 00000063 00000000 00000000 0000000F 00000001 00000064 00000001 00000100 00000000 00000000 00000000
0000042A 002 01B1800F 00000000 0000000F 00000000 00000000 00000100 00000063 00000000 00000000 0000000F 00000001 00000064 00000001 00000100 00000000 00000000 00000000
0000042B 003 0A1B0010 00000000 00000010 00000000 00000000 00000100 00000063 00000000 00000000 0000000F 00000001 00000064 00000000 00000100 00000000 00000000 00000000
0000042C 010 16000000 00000000 00000000 00000000 00000000 00000100 00000063 00000000 00000000 0000000F 00000001 00000064 00000000 00000100 00000000 00000000 00000000
